Salary_id,iso_alpha2,Job_id,percentile_25,percentile_25_GBP,percentile_50,percentile_50_GBP,percentile_75,percentile_75_GBP
1,AF,ACCOUNT-MANAGER,4319.73,49.1122,5408.35,61.4889,6771.31,76.9848
2,AF,ACCOUNTANT,3447.69,39.1977,4094.87,46.5556,4863.52,55.2946
3,AF,ADMINISTRATIVE-ASSISTANT,2691,30.5947,3240.84,36.846,3903.03,44.3746
4,AF,ARCHITECT,5881.17,66.8645,7282.4,82.7954,9017.48,102.522
5,AF,ATTORNEY,4705.83,53.5018,6355.07,72.2524,8582.31,97.5745
6,AF,BUSINESS-ANALYST,4725.58,53.7263,5668.93,64.4515,6800.6,77.3177
7,AF,BUSINESS-DEVELOPMENT,4261.03,48.4448,5645.53,64.1854,7479.87,85.0406
8,AF,C-LEVEL-EXECUTIVE,7800.37,88.6845,11695,132.964,17534.3,199.352
9,AF,CASHIER,1248.9,14.1991,1749.77,19.8936,2451.5,27.8717
10,AF,CHEF,3216.15,36.5652,3950.26,44.9116,4851.95,55.163
11,AF,CHEMICAL-ENGINEER,5320.6,60.4913,6447.26,73.3005,7812.48,88.8221
12,AF,CIVIL-ENGINEER,4715.65,53.6135,5621.94,63.9173,6702.41,76.2015
13,AF,CONTENT-MARKETING,3253.12,36.9856,4073.14,46.3086,5099.87,57.9817
14,AF,COPYWRITER,3227.38,36.6929,3968.65,45.1206,4880.19,55.4841
15,AF,CUSTOMER-SUPPORT,2697.91,30.6733,3468.68,39.4363,4459.65,50.703
16,AF,DATA-ANALYST,3875.71,44.064,4664.61,53.0332,5614.09,63.828
17,AF,DATA-SCIENTIST,7647.14,86.9424,9237.98,105.029,11159.8,126.878
18,AF,DENTIST,8169.38,92.8798,10639.3,120.961,13856.1,157.533
19,AF,ELECTRICAL-ENGINEER,5135.15,58.3828,6122.43,69.6075,7299.53,82.9902
20,AF,EXECUTIVE-ASSISTANT,3812.94,43.3503,4612.03,52.4353,5578.58,63.4244
21,AF,FASHION-DESIGNER,4001.01,45.4885,5165.33,58.7259,6668.47,75.8156
22,AF,FINANCE-MANAGER,5394.65,61.3332,6814.69,77.478,8608.53,97.8726
23,AF,FINANCIAL-ANALYST,4158.44,47.2783,4839.83,55.0253,5632.88,64.0417
24,AF,GRAPHIC-DESIGNER,2938.54,33.409,3499.27,39.7841,4166.99,47.3756
25,AF,HARDWARE-ENGINEER,5248.91,59.6762,6377.35,72.5057,7748.39,88.0934
26,AF,HUMAN-RESOURCES-MANAGER,4828.61,54.8977,5896.31,67.0367,7200.11,81.8599
27,AF,IT-MANAGER,5599.81,63.6656,6862.06,78.0166,8408.85,95.6024
28,AF,INDUSTRIAL-DESIGNER,4555.73,51.7953,5596.39,63.6268,6874.77,78.161
29,AF,INTERIOR-DESIGNER,3886.69,44.1888,4689.91,53.3208,5659.13,64.3401
30,AF,LECTURER,3774.39,42.912,4650.94,52.8777,5731.05,65.1578
31,AF,MARKETING-MANAGER,4650.39,52.8715,5841.15,66.4095,7336.79,83.4139
32,AF,MECHANICAL-ENGINEER,4886.83,55.5596,5729.77,65.1432,6718.1,76.3798
33,AF,MOBILE-DEVELOPER,4762.92,54.1509,5956.94,67.726,7450.28,84.7042
34,AF,NURSE,5131.44,58.3407,5708.45,64.9008,6350.34,72.1987
35,AF,OFFICE-MANAGER,3029.14,34.4391,3703.19,42.1025,4527.22,51.4711
36,AF,OPERATIONS-MANAGER,4212.12,47.8887,5368.4,61.0347,6842.09,77.7895
37,AF,PHARMACIST,8132.33,92.4586,9059.53,103,10092.4,114.744
38,AF,PHYSICIAN,10236.9,116.386,13947.4,158.572,19002.9,216.049
39,AF,POSTDOCTORAL-RESEARCHER,3362.77,38.2322,3803.53,43.2433,4302.06,48.9112
40,AF,PRODUCT-MANAGER,5749.32,65.3655,7065.25,80.3267,8682.39,98.7123
41,AF,PROJECT-MANAGER,5150.68,58.5594,6366.93,72.3873,7870.39,89.4805
42,AF,QA-ENGINEER,4058.99,46.1477,5003.75,56.8889,6168.41,70.1302
43,AF,RECEPTIONIST,2100.31,23.879,2544.11,28.9247,3081.69,35.0365
44,AF,RESEARCH-SCIENTIST,4396.26,49.9822,5634.29,64.0576,7220.95,82.0968
45,AF,SALES-MANAGER,4389.73,49.9079,5802.08,65.9653,7668.85,87.1891
46,AF,SOFTWARE-ENGINEER,5166.41,58.7383,6297.27,71.5953,7675.66,87.2666
47,AF,SYSTEMS-ADMINISTRATOR,4152.64,47.2124,4997.86,56.8219,6015.11,68.3873
48,AF,TEACHER,2969.21,33.7577,3672.52,41.7538,4542.41,51.6438
49,AF,UX-DESIGNER,4573.22,51.9941,5607.57,63.7539,6875.86,78.1735
50,AF,WAITER,1195.27,13.5894,1830.04,20.8062,2801.91,31.8556
51,AF,WEB-DESIGNER,3327.54,37.8317,4071.78,46.2931,4982.47,56.647
52,AF,WEB-DEVELOPER,4192.67,47.6676,5195.22,59.0658,6437.49,73.1895
53,AX,ACCOUNT-MANAGER,41581.5,36111.2,52060.4,45211.6,65180.1,56605.4
54,AX,ACCOUNTANT,33188.3,28822.2,39414.9,34229.7,46809.7,40651.7
55,AX,ADMINISTRATIVE-ASSISTANT,25905.1,22497.2,31197.6,27093.4,37571.4,32628.7
56,AX,ARCHITECT,56608.8,49161.6,70097.2,60875.6,86799.7,75380.8
57,AX,ATTORNEY,45296.9,39337.9,61170.2,53123,82606,71738.8
58,AX,BUSINESS-ANALYST,45489.5,39505.1,54568.3,47389.6,65459.2,56847.7
59,AX,BUSINESS-DEVELOPMENT,41017.6,35621.5,54342.2,47193.2,71995.3,62524
60,AX,C-LEVEL-EXECUTIVE,75081.1,65203.8,112566,97757.2,168765,146563
61,AX,CASHIER,12023.2,10441.5,16843.8,14627.9,23597.3,20493
62,AX,CHEF,30957.9,26885.2,38024.9,33022.6,46705.2,40560.9
63,AX,CHEMICAL-ENGINEER,51215.6,44478,62059.8,53895.6,75200.2,65307.2
64,AX,CIVIL-ENGINEER,45389.4,39418.2,54111.6,46993,64509.9,56023.3
65,AX,CONTENT-MARKETING,31315,27195.3,39207.7,34049.8,49089.8,42631.8
66,AX,COPYWRITER,31069.6,26982.2,38204.5,33178.5,46977.8,40797.7
67,AX,CUSTOMER-SUPPORT,25972.2,22555.4,33391.6,28998.8,42930.4,37282.7
68,AX,DATA-ANALYST,37309.1,32400.9,44901.8,38994.8,54039.8,46930.6
69,AX,DATA-SCIENTIST,73607.9,63924.4,88919.3,77221.6,107416,93284.7
70,AX,DENTIST,78633.5,68288.9,102408,88935.4,133369,115824
71,AX,ELECTRICAL-ENGINEER,49430.4,42927.6,58931.7,51179,70259.4,61016.4
72,AX,EXECUTIVE-ASSISTANT,36704.6,31876,44394.5,38554.2,53695.6,46631.7
73,AX,FASHION-DESIGNER,38516.9,33449.8,49722,43180.8,64186.7,55742.7
74,AX,FINANCE-MANAGER,51926.6,45095.4,65594,56964.8,82858.7,71958.3
75,AX,FINANCIAL-ANALYST,40028.8,34762.8,46585,40456.5,54215.1,47082.9
76,AX,GRAPHIC-DESIGNER,28289.9,24568.2,33686.3,29254.7,40112.1,34835.2
77,AX,HARDWARE-ENGINEER,50525.2,43878.4,61385.4,53309.9,74580,64768.7
78,AX,HUMAN-RESOURCES-MANAGER,46477.6,40363.3,56755.7,49289.2,69306.6,60189
79,AX,IT-MANAGER,53902.6,46811.4,66050.8,57361.5,80936.9,70289.3
80,AX,INDUSTRIAL-DESIGNER,43853.4,38084.3,53871.1,46784.1,66177.2,57471.3
81,AX,INTERIOR-DESIGNER,37414.2,32492.2,45145,39205.9,54473.1,47306.9
82,AX,LECTURER,36331.3,31551.8,44769,38879.5,55166.4,47909
83,AX,MARKETING-MANAGER,44761.6,38873,56221.9,48825.7,70616.4,61326.5
84,AX,MECHANICAL-ENGINEER,47039.5,40851.2,55152,47896.5,64663.7,56156.9
85,AX,MOBILE-DEVELOPER,45847.5,39816,57340.5,49797.1,71714.6,62280.2
86,AX,NURSE,49393.2,42895.3,54948.7,47719.9,61129.1,53087.3
87,AX,OFFICE-MANAGER,29154.9,25319.4,35644.1,30955,43577.7,37844.8
88,AX,OPERATIONS-MANAGER,40547.1,35212.9,51676.5,44878.2,65860.8,57196.5
89,AX,PHARMACIST,78273.9,67976.6,87198.4,75727.1,97140.5,84361.2
90,AX,PHYSICIAN,98532.5,85570.1,134247,116586,182906,158844
91,AX,POSTDOCTORAL-RESEARCHER,32373.8,28114.8,36613.9,31797.1,41409.3,35961.7
92,AX,PRODUCT-MANAGER,55340.4,48060.1,68007,59060.4,83572.8,72578.4
93,AX,PROJECT-MANAGER,49580.5,43057.9,61285.4,53223,75753.7,65787.9
94,AX,QA-ENGINEER,39073.7,33933.4,48167.1,41830.5,59376.8,51565.5
95,AX,RECEPTIONIST,20220,17560,24489.9,21268.2,29661.5,25759.4
96,AX,RESEARCH-SCIENTIST,42315.7,36748.9,54232.5,47098,69505.3,60361.5
97,AX,SALES-MANAGER,42257.6,36698.4,55850.5,48503.1,73815.8,64105
98,AX,SOFTWARE-ENGINEER,49731.4,43189,60615.3,52641.1,73881.3,64161.9
99,AX,SYSTEMS-ADMINISTRATOR,39972.8,34714.2,48107.8,41779,57898.4,50281.6
100,AX,TEACHER,28584.1,24823.8,35352.7,30701.9,43724.1,37972
101,AX,UX-DESIGNER,44021.1,38229.9,53976.4,46875.6,66183.2,57476.5
102,AX,WAITER,11511.8,9997.34,17620.7,15302.6,26971.6,23423.3
103,AX,WEB-DESIGNER,32030.8,27817,39193.2,34037.2,47957.3,41648.3
104,AX,WEB-DEVELOPER,40356.1,35047.1,50005.5,43427,61962,53810.6
105,AL,ACCOUNT-MANAGER,4728.56,39.7384,5920.53,49.7555,7412.96,62.2978
106,AL,ACCOUNTANT,3774.32,31.7191,4482.38,37.6695,5323.27,44.7363
107,AL,ADMINISTRATIVE-ASSISTANT,2945.51,24.7538,3547.64,29.814,4272.86,35.9087
108,AL,ARCHITECT,6438.31,54.1069,7972.25,66.998,9871.65,82.9604
109,AL,ATTORNEY,5151.25,43.2906,6956.63,58.4629,9394.75,78.9526
110,AL,BUSINESS-ANALYST,5173.3,43.4759,6205.79,52.1529,7444.35,62.5616
111,AL,BUSINESS-DEVELOPMENT,4664.81,39.2026,6180.24,51.9382,8187.99,68.8111
112,AL,C-LEVEL-EXECUTIVE,8539.08,71.7616,12802.4,107.59,19194.2,161.307
113,AL,CASHIER,1366.88,11.4871,1915.14,16.0946,2683.3,22.5502
114,AL,CHEF,3520.55,29.5863,4324.36,36.3415,5311.71,44.6391
115,AL,CHEMICAL-ENGINEER,5824.36,48.9473,7057.77,59.3128,8552.39,71.8734
116,AL,CIVIL-ENGINEER,5161.9,43.3801,6153.92,51.7169,7336.59,61.656
117,AL,CONTENT-MARKETING,3560.97,29.9261,4458.77,37.4711,5582.92,46.9183
118,AL,COPYWRITER,3533.26,29.6932,4344.74,36.5128,5342.6,44.8987
119,AL,CUSTOMER-SUPPORT,2953.45,24.8205,3797.29,31.912,4882.23,41.0298
120,AL,DATA-ANALYST,4242.94,35.6573,5106.5,42.9145,6145.81,51.6488
121,AL,DATA-SCIENTIST,8371.53,70.3535,10112.9,84.9879,12216.5,102.667
122,AL,DENTIST,8942.52,75.152,11646.6,97.877,15168.4,127.474
123,AL,ELECTRICAL-ENGINEER,5621.56,47.243,6702.22,56.3248,7990.63,67.1525
124,AL,EXECUTIVE-ASSISTANT,4174.42,35.0815,5048.9,42.4304,6106.56,51.3189
125,AL,FASHION-DESIGNER,4380.25,36.8112,5654.75,47.5219,7300.08,61.3492
126,AL,FINANCE-MANAGER,5905.23,49.627,7459.7,62.6906,9423.37,79.1931
127,AL,FINANCIAL-ANALYST,4552.14,38.2557,5297.9,44.523,6165.84,51.8171
128,AL,GRAPHIC-DESIGNER,3217.11,27.0363,3831,32.1954,4562.04,38.3389
129,AL,HARDWARE-ENGINEER,5745.99,48.2887,6981.12,58.6687,8481.76,71.2799
130,AL,HUMAN-RESOURCES-MANAGER,5285.65,44.4201,6454.67,54.2444,7882.23,66.2415
131,AL,IT-MANAGER,6130.41,51.5193,7512.16,63.1315,9205.35,77.3609
132,AL,INDUSTRIAL-DESIGNER,4987.4,41.9136,6126.81,51.4891,7526.53,63.2523
133,AL,INTERIOR-DESIGNER,4255.1,35.7595,5134.18,43.1471,6194.87,52.0611
134,AL,LECTURER,4131.59,34.7215,5091.39,42.7875,6274.15,52.7273
135,AL,MARKETING-MANAGER,5090.56,42.7806,6393.97,53.7343,8031.12,67.4927
136,AL,MECHANICAL-ENGINEER,5349.61,44.9576,6272.38,52.7125,7354.32,61.805
137,AL,MOBILE-DEVELOPER,5214.09,43.8187,6521.2,54.8036,8156,68.5422
138,AL,NURSE,5617.43,47.2083,6249.4,52.5194,6952.47,58.4279
139,AL,OFFICE-MANAGER,3315.41,27.8624,4053.37,34.0642,4955.6,41.6464
140,AL,OPERATIONS-MANAGER,4611.29,38.7529,5877.06,49.3902,7490.26,62.9474
141,AL,PHARMACIST,8902.34,74.8144,9917.07,83.3421,11047.5,92.8417
142,AL,PHYSICIAN,11206.3,94.1768,15268.1,128.311,20802,174.818
143,AL,POSTDOCTORAL-RESEARCHER,3681.65,30.9403,4163.75,34.9917,4708.97,39.5738
144,AL,PRODUCT-MANAGER,6293.72,52.8918,7734.24,64.9978,9504.48,79.8747
145,AL,PROJECT-MANAGER,5638.71,47.3872,6969.99,58.5751,8615.57,72.4044
146,AL,QA-ENGINEER,4443.9,37.3461,5478.07,46.0372,6752.9,56.7508
147,AL,RECEPTIONIST,2299.45,19.3244,2785.09,23.4056,3373.29,28.3488
148,AL,RESEARCH-SCIENTIST,4812.34,40.4424,6167.67,51.8325,7904.72,66.4305
149,AL,SALES-MANAGER,4806.22,40.391,6352.21,53.3834,8395.48,70.5548
150,AL,SOFTWARE-ENGINEER,5655.92,47.5318,6893.74,57.9343,8402.46,70.6135
151,AL,SYSTEMS-ADMINISTRATOR,4546.04,38.2045,5471.11,45.9787,6584.41,55.3348
152,AL,TEACHER,3250.78,27.3193,4020.48,33.7877,4972.42,41.7877
153,AL,UX-DESIGNER,5006.47,42.0739,6138.52,51.5876,7526.56,63.2524
154,AL,WAITER,1308.89,10.9997,2003.62,16.8382,3067.11,25.7757
155,AL,WEB-DESIGNER,3642.56,30.6118,4457.17,37.4576,5453.94,45.8344
156,AL,WEB-DEVELOPER,4589.77,38.572,5687.13,47.7941,7046.86,59.2211
157,DZ,ACCOUNT-MANAGER,4932.87,29.455,6176.12,36.8787,7732.7,46.1733
158,DZ,ACCOUNTANT,3937.02,23.5086,4675.84,27.9203,5553.31,33.1598
159,DZ,ADMINISTRATIVE-ASSISTANT,3073.14,18.3502,3701.01,22.0994,4457.17,26.6145
160,DZ,ARCHITECT,6715.56,40.0998,8315.93,49.6558,10297.7,61.4892
161,DZ,ATTORNEY,5373.85,32.0882,7256.88,43.3321,9799.72,58.5158
162,DZ,BUSINESS-ANALYST,5396.56,32.2238,6473.7,38.6556,7765.83,46.3711
163,DZ,BUSINESS-DEVELOPMENT,4865.8,29.0546,6446.54,38.4934,8540.81,50.9987
164,DZ,C-LEVEL-EXECUTIVE,8907.35,53.1874,13354.5,79.7422,20022.1,119.555
165,DZ,CASHIER,1426.1,8.51552,1998.12,11.9311,2799.57,16.7167
166,DZ,CHEF,3672.14,21.927,4510.69,26.9341,5540.71,33.0845
167,DZ,CHEMICAL-ENGINEER,6075.84,36.2799,7362.4,43.9622,8921.39,53.2712
168,DZ,CIVIL-ENGINEER,5384.83,32.1537,6419.5,38.332,7652.99,45.6973
169,DZ,CONTENT-MARKETING,3714.76,22.1815,4651.17,27.773,5823.64,34.774
170,DZ,COPYWRITER,3685.66,22.0077,4532.24,27.0628,5573.27,33.279
171,DZ,CUSTOMER-SUPPORT,3080.77,18.3958,3960.92,23.6513,5092.52,30.4083
172,DZ,DATA-ANALYST,4425.69,26.4265,5326.58,31.8059,6410.86,38.2803
173,DZ,DATA-SCIENTIST,8732.5,52.1433,10549.1,62.9907,12743.7,76.0946
174,DZ,DENTIST,9328.38,55.7014,12149.1,72.5441,15822.6,94.4797
175,DZ,ELECTRICAL-ENGINEER,5864.22,35.0163,6991.33,41.7465,8335.07,49.7702
176,DZ,EXECUTIVE-ASSISTANT,4354.2,25.9997,5266.54,31.4474,6370.05,38.0367
177,DZ,FASHION-DESIGNER,4569.27,27.2839,5898.67,35.222,7614.85,45.4696
178,DZ,FINANCE-MANAGER,6160.48,36.7853,7781.9,46.4671,9830.06,58.697
179,DZ,FINANCIAL-ANALYST,4748.55,28.3544,5526.36,32.9988,6431.57,38.404
180,DZ,GRAPHIC-DESIGNER,3355.76,20.0378,3995.98,23.8607,4758.36,28.413
181,DZ,HARDWARE-ENGINEER,5994.2,35.7924,7282.54,43.4853,8847.79,52.8317
182,DZ,HUMAN-RESOURCES-MANAGER,5513.56,32.9224,6733.16,40.2048,8222.52,49.0981
183,DZ,IT-MANAGER,6394.52,38.1828,7835.96,46.7898,9602.32,57.3371
184,DZ,INDUSTRIAL-DESIGNER,5202.49,31.065,6390.96,38.1615,7850.92,46.8792
185,DZ,INTERIOR-DESIGNER,4438.5,26.503,5355.84,31.9806,6462.78,38.5904
186,DZ,LECTURER,4309.99,25.7357,5311.14,31.7137,6544.85,39.0804
187,DZ,MARKETING-MANAGER,5309.96,31.7067,6669.64,39.8256,8377.5,50.0235
188,DZ,MECHANICAL-ENGINEER,5580.34,33.3212,6542.76,39.0679,7671.16,45.8058
189,DZ,MOBILE-DEVELOPER,5438.97,32.477,6802.4,40.6183,8507.62,50.8004
190,DZ,NURSE,5859.69,34.9892,6518.92,38.9256,7252.3,43.3048
191,DZ,OFFICE-MANAGER,3458.42,20.6508,4228.41,25.2486,5169.85,30.8701
192,DZ,OPERATIONS-MANAGER,4810.07,28.7217,6130.52,36.6064,7813.45,46.6555
193,DZ,PHARMACIST,9286.25,55.4498,10344.9,61.7714,11524.3,68.8137
194,DZ,PHYSICIAN,11689.7,69.8015,15927,95.1026,21700,129.575
195,DZ,POSTDOCTORAL-RESEARCHER,3840.28,22.931,4343.28,25.9345,4912.16,29.3314
196,DZ,PRODUCT-MANAGER,6565.24,39.2022,8068.05,48.1757,9914.86,59.2033
197,DZ,PROJECT-MANAGER,5881.88,35.1217,7270.62,43.4141,8987.25,53.6644
198,DZ,QA-ENGINEER,4635.35,27.6785,5714.09,34.1198,7043.89,42.0603
199,DZ,RECEPTIONIST,2398.74,14.3233,2905.27,17.3479,3518.77,21.0112
200,DZ,RESEARCH-SCIENTIST,5019.88,29.9746,6433.89,38.4178,8246.18,49.2394
201,DZ,SALES-MANAGER,5013.14,29.9343,6625.65,39.5629,8756.83,52.2886
202,DZ,SOFTWARE-ENGINEER,5899.76,35.2285,7191.03,42.9389,8764.92,52.3369
203,DZ,SYSTEMS-ADMINISTRATOR,4741.92,28.3148,5707.11,34.0781,6868.75,41.0145
204,DZ,TEACHER,3390.84,20.2473,4193.88,25.0424,5187.1,30.9731
205,DZ,UX-DESIGNER,5222.51,31.1845,6403.55,38.2367,7851.67,46.8837
206,DZ,WAITER,1365.15,8.15156,2090,12.4797,3199.71,19.106
207,DZ,WEB-DESIGNER,3799.63,22.6882,4649.4,27.7624,5689.22,33.9713
208,DZ,WEB-DEVELOPER,4787.18,28.5851,5932.06,35.4214,7350.76,43.8926
209,AD,ACCOUNT-MANAGER,32019.7,27807.3,40089.2,34815.3,50192.4,43589.4
210,AD,ACCOUNTANT,25556.5,22194.4,30351.4,26358.6,36046,31304
211,AD,ADMINISTRATIVE-ASSISTANT,19947.9,17323.7,24023.6,20863.2,28932,25125.9
212,AD,ARCHITECT,43591.8,37857.1,53978.5,46877.3,66839.9,58046.8
213,AD,ATTORNEY,34881,30292.2,47104.3,40907.5,63611,55242.7
214,AD,BUSINESS-ANALYST,35029,30420.7,42020.2,36492.2,50406.8,43775.5
215,AD,BUSINESS-DEVELOPMENT,31585.8,27430.5,41846.4,36341.3,55440.2,48146.8
216,AD,C-LEVEL-EXECUTIVE,57816.2,50210.2,86681.5,75278.2,129958,112862
217,AD,CASHIER,9258.38,8040.4,12970.5,11264.2,18171,15780.6
218,AD,CHEF,23839.1,20702.9,29281,25429,35965.3,31233.9
219,AD,CHEMICAL-ENGINEER,39438.4,34250.1,47789.1,41502.2,57908,50289.9
220,AD,CIVIL-ENGINEER,34951.9,30353.8,41668.4,36186.7,49675.4,43140.4
221,AD,CONTENT-MARKETING,24114,20941.7,30192,26220.1,37802,32828.9
222,AD,COPYWRITER,23925.2,20777.8,29419.5,25549.2,36175.5,31416.4
223,AD,CUSTOMER-SUPPORT,19999.9,17368.8,25713.2,22330.5,33058.6,28709.6
224,AD,DATA-ANALYST,28729.8,24950.3,34576.7,30028,41613.4,36139
225,AD,DATA-SCIENTIST,56681.7,49225,68472.3,59464.5,82715.5,71833.9
226,AD,DENTIST,60551.6,52585.8,78859.1,68484.8,102702,89190.9
227,AD,ELECTRICAL-ENGINEER,38063.9,33056.4,45380.2,39410.2,54102.9,46985.4
228,AD,EXECUTIVE-ASSISTANT,28264.6,24546.3,34186.3,29688.9,41348.6,35909
229,AD,FASHION-DESIGNER,29659.9,25758,38288.4,33251.4,49427.2,42924.8
230,AD,FINANCE-MANAGER,39986,34725.7,50510.7,43865.8,63805.6,55411.6
231,AD,FINANCIAL-ANALYST,30824.4,26769.3,35872.9,31153.6,41748.3,36256.1
232,AD,GRAPHIC-DESIGNER,21784.4,18918.6,25940,22527.5,30888.3,26824.8
233,AD,HARDWARE-ENGINEER,38907.2,33788.7,47270,41051.4,57430.4,49875.2
234,AD,HUMAN-RESOURCES-MANAGER,35790.3,31081.9,43704.9,37955.3,53369.8,46348.8
235,AD,IT-MANAGER,41507.3,36046.8,50862.2,44171,62325.5,54126.3
236,AD,INDUSTRIAL-DESIGNER,33769.4,29326.8,41483.4,36026.1,50959.7,44255.7
237,AD,INTERIOR-DESIGNER,28811.5,25021.2,34764.4,30191,41947.4,36429
238,AD,LECTURER,27976.8,24296.3,34474.2,29939,42480.7,36892.1
239,AD,MARKETING-MANAGER,34468.8,29934.2,43293.8,37598.3,54378.3,47224.6
240,AD,MECHANICAL-ENGINEER,36222.7,31457.4,42469.9,36882.8,49794.5,43243.8
241,AD,MOBILE-DEVELOPER,35305,30660.5,44155.2,38346.3,55223.9,47958.9
242,AD,NURSE,38035.6,33031.8,42313.6,36747,47072.8,40880.1
243,AD,OFFICE-MANAGER,22451.3,19497.8,27448.4,23837.4,33557.6,29142.9
244,AD,OPERATIONS-MANAGER,31223.4,27115.8,39793.6,34558.5,50716.1,44044.1
245,AD,PHARMACIST,60274.6,52345.2,67147.4,58313.8,74803.7,64962.9
246,AD,PHYSICIAN,75875.5,65893.7,103377,89777.4,140847,122318
247,AD,POSTDOCTORAL-RESEARCHER,24929.1,21649.6,28194.2,24485.1,31886.9,27692.1
248,AD,PRODUCT-MANAGER,42615.5,37009.2,52369.4,45480,64355.8,55889.5
249,AD,PROJECT-MANAGER,38179.9,33157.2,47193.2,40984.7,58334.4,50660.2
250,AD,QA-ENGINEER,30088.8,26130.5,37091.2,32211.7,45723.1,39708
251,AD,RECEPTIONIST,15570.8,13522.4,18858.7,16377.8,22840.9,19836.1
252,AD,RESEARCH-SCIENTIST,32585.3,28298.5,41762.1,36268.1,53523.4,46482.1
253,AD,SALES-MANAGER,32540.3,28259.5,43007.6,37349.7,56841.8,49364
254,AD,SOFTWARE-ENGINEER,38295.6,33257.7,46677,40536.4,56892.6,49408.1
255,AD,SYSTEMS-ADMINISTRATOR,30781.1,26731.7,37045.4,32171.9,44584.5,38719.2
256,AD,TEACHER,22011.1,19115.5,27223.4,23642.1,33670,29240.6
257,AD,UX-DESIGNER,33898.6,29439.1,41564.9,36096.9,50965,44260.3
258,AD,WAITER,8864.57,7698.4,13568.9,11783.8,20769.7,18037.4
259,AD,WEB-DESIGNER,24665,21420.2,30180.7,26210.3,36929.7,32071.4
260,AD,WEB-DEVELOPER,31076.3,26988.1,38506.7,33441,47713.7,41436.8
261,AO,ACCOUNT-MANAGER,32483.5,30.7174,40669.5,38.4584,50918.5,48.1501
262,AO,ACCOUNTANT,25926.7,24.5171,30790.6,29.1166,36567.1,34.579
263,AO,ADMINISTRATIVE-ASSISTANT,20236.8,19.1365,24371.4,23.0464,29350.9,27.7551
264,AO,ARCHITECT,44222.2,41.8179,54759.3,51.7821,67807.1,64.1205
265,AO,ATTORNEY,35385.6,33.4618,47785.9,45.1878,64531.6,61.023
266,AO,BUSINESS-ANALYST,35536.2,33.6041,42628.6,40.3109,51136.5,48.3563
267,AO,BUSINESS-DEVELOPMENT,32042.5,30.3004,42451.8,40.1437,56242.5,53.1846
268,AO,C-LEVEL-EXECUTIVE,58652.9,55.464,87935.9,83.1549,131839,124.671
269,AO,CASHIER,9392.36,8.88171,13158.2,12.4428,18434,17.4318
270,AO,CHEF,24183.9,22.8691,29704.6,28.0896,36485.6,34.5019
271,AO,CHEMICAL-ENGINEER,40008.9,37.8337,48480.4,45.8446,58745.7,55.5517
272,AO,CIVIL-ENGINEER,35458.3,33.5305,42271.7,39.9734,50394.3,47.6544
273,AO,CONTENT-MARKETING,24462.7,23.1327,30628.7,28.9634,38348.9,36.2639
274,AO,COPYWRITER,24271.2,22.9516,29845.1,28.2224,36698.9,34.7036
275,AO,CUSTOMER-SUPPORT,20289.1,19.186,26085.2,24.667,33537.2,31.7139
276,AO,DATA-ANALYST,29145.7,27.5611,35077.1,33.17,42215.7,39.9204
277,AO,DATA-SCIENTIST,57501.8,54.3755,69462.9,65.6863,83912.1,79.3499
278,AO,DENTIST,61427.9,58.0881,80000.1,75.6506,104188,98.523
279,AO,ELECTRICAL-ENGINEER,38614.7,36.5152,46037.2,43.5342,54886.4,51.9023
280,AO,EXECUTIVE-ASSISTANT,28673.5,27.1145,34680.8,32.7952,41946.6,39.666
281,AO,FASHION-DESIGNER,30089.2,28.4533,38842.6,36.7307,50142.4,47.4162
282,AO,FINANCE-MANAGER,40565,38.3596,51241.9,48.4559,64728.9,61.2096
283,AO,FINANCIAL-ANALYST,31270.1,29.57,36391.6,34.413,42351.9,40.0493
284,AO,GRAPHIC-DESIGNER,22100.1,20.8985,26315.8,24.885,31335.6,29.6319
285,AO,HARDWARE-ENGINEER,39469.9,37.3239,47954.1,45.3468,58262,55.0943
286,AO,HUMAN-RESOURCES-MANAGER,36308.1,34.334,44337.4,41.9268,54142.4,51.1987
287,AO,IT-MANAGER,42107.9,39.8185,51598.2,48.7929,63227.6,59.79
288,AO,INDUSTRIAL-DESIGNER,34257.9,32.3954,42083.7,39.7956,51697.1,48.8864
289,AO,INTERIOR-DESIGNER,29227.8,27.6387,35266.9,33.3495,42553.9,40.2403
290,AO,LECTURER,28381.9,26.8388,34973.3,33.0719,43095.6,40.7525
291,AO,MARKETING-MANAGER,34967.4,33.0663,43920.1,41.5322,55164.9,52.1656
292,AO,MECHANICAL-ENGINEER,36747.2,34.7493,43084.5,40.7421,50514.8,47.7684
293,AO,MOBILE-DEVELOPER,35815.6,33.8684,44794,42.3586,56023.2,52.9773
294,AO,NURSE,38585.7,36.4879,42925.7,40.5918,47753.7,45.1574
295,AO,OFFICE-MANAGER,22775.9,21.5376,27845.2,26.3313,34042.9,32.192
296,AO,OPERATIONS-MANAGER,31674.8,29.9526,40369,38.1742,51449.8,48.6525
297,AO,PHARMACIST,61147.2,57.8227,68119.1,64.4156,75885.9,71.7601
298,AO,PHYSICIAN,76973.2,72.7882,104873,99.1711,142885,135.117
299,AO,POSTDOCTORAL-RESEARCHER,25290.5,23.9155,28602.6,27.0475,32348.6,30.5898
300,AO,PRODUCT-MANAGER,43232,40.8815,53126.9,50.2384,65286.6,61.737
301,AO,PROJECT-MANAGER,38732.2,36.6263,47875.8,45.2728,59177.9,55.9605
302,AO,QA-ENGINEER,30524.1,28.8645,37627.9,35.5821,46384.9,43.8629
303,AO,RECEPTIONIST,15796,14.9372,19131.6,18.0914,23171.4,21.9116
304,AO,RESEARCH-SCIENTIST,33057.1,31.2598,42366.5,40.063,54297.6,51.3455
305,AO,SALES-MANAGER,33011.1,31.2164,43629.9,41.2578,57664.4,54.5292
306,AO,SOFTWARE-ENGINEER,38849.6,36.7374,47352.3,44.7778,57715.8,54.5778
307,AO,SYSTEMS-ADMINISTRATOR,31226.7,29.5289,37581.7,35.5384,45230,42.7709
308,AO,TEACHER,22329.5,21.1155,27617.1,26.1156,34156.8,32.2998
309,AO,UX-DESIGNER,34389.2,32.5195,42166.3,39.8737,51702.1,48.8911
310,AO,WAITER,8993.25,8.5043,13765.4,13.017,21069.8,19.9243
311,AO,WEB-DESIGNER,25021.8,23.6614,30617.3,28.9527,37464.2,35.4273
312,AO,WEB-DEVELOPER,31526.4,29.8123,39064.2,36.9403,48404.2,45.7725
313,AG,ACCOUNT-MANAGER,22180.8,6528.61,27770.6,8173.9,34769.1,10233.8
314,AG,ACCOUNTANT,17704,5210.94,21025.4,6188.54,24969.9,7349.54
315,AG,ADMINISTRATIVE-ASSISTANT,13818.6,4067.33,16641.8,4898.29,20041.8,5899.01
316,AG,ARCHITECT,30197.1,8888.09,37392.2,11005.9,46301.6,13628.2
317,AG,ATTORNEY,24162.7,7111.95,32630.3,9604.27,44065.3,12970
318,AG,BUSINESS-ANALYST,24265.7,7142.26,29108.5,8567.67,34917.7,10277.5
319,AG,BUSINESS-DEVELOPMENT,21879.8,6440.01,28987.7,8532.11,38404.6,11303.9
320,AG,C-LEVEL-EXECUTIVE,40050.7,11788.4,60046.4,17673.8,90025.4,26497.7
321,AG,CASHIER,6413.17,1887.63,8984.78,2644.54,12587.6,3704.98
322,AG,CHEF,16514,4860.65,20283.9,5970.27,24914.4,7333.19
323,AG,CHEMICAL-ENGINEER,27319.8,8041.2,33104.5,9743.84,40114,11807
324,AG,CIVIL-ENGINEER,24212,7126.47,28864.8,8495.95,34411.7,10128.6
325,AG,CONTENT-MARKETING,16703.9,4916.57,20914.3,6155.83,26185.8,7707.44
326,AG,COPYWRITER,16573.7,4878.23,20379.6,5998.46,25059.5,7375.92
327,AG,CUSTOMER-SUPPORT,13854.1,4077.77,17812,5242.72,22900.6,6740.48
328,AG,DATA-ANALYST,19902,5857.87,23952.2,7050.01,28826.8,8484.77
329,AG,DATA-SCIENTIST,39264.7,11557,47432.5,13961.1,57299.3,16865.2
330,AG,DENTIST,41945.4,12346.1,54627.4,16078.8,71143.8,20940.2
331,AG,ELECTRICAL-ENGINEER,26367.4,7760.88,31436,9252.74,37478.9,11031.4
332,AG,EXECUTIVE-ASSISTANT,19579.6,5762.99,23681.5,6970.31,28642.6,8430.56
333,AG,FASHION-DESIGNER,20545.9,6047.39,26523.1,7806.7,34239.1,10077.8
334,AG,FINANCE-MANAGER,27699.3,8152.9,34989.9,10298.8,44199.5,13009.5
335,AG,FINANCIAL-ANALYST,21352.2,6284.73,24849.6,7314.12,28919.7,8512.11
336,AG,GRAPHIC-DESIGNER,15090.9,4441.79,17969.3,5289.01,21396.7,6297.83
337,AG,HARDWARE-ENGINEER,26951.7,7932.86,32745,9638.03,39783.6,11709.7
338,AG,HUMAN-RESOURCES-MANAGER,24792.8,7297.41,30275.4,8911.15,36970.5,10881.7
339,AG,IT-MANAGER,28753,8463.03,35233.4,10370.5,43174.4,12707.8
340,AG,INDUSTRIAL-DESIGNER,23392.7,6885.3,28736.6,8458.21,35301.3,10390.4
341,AG,INTERIOR-DESIGNER,19957.9,5874.34,24081.8,7088.14,29057.7,8552.74
342,AG,LECTURER,19380.3,5704.32,23881.2,7029.09,29427.4,8661.54
343,AG,MARKETING-MANAGER,23877.3,7027.96,29990.7,8827.35,37669.3,11087.4
344,AG,MECHANICAL-ENGINEER,25092,7385.48,29419.7,8659.29,34493.9,10152.8
345,AG,MOBILE-DEVELOPER,24456.3,7198.37,30587.2,9002.91,38255,11259.8
346,AG,NURSE,26347.9,7755.12,29311.3,8627.38,32608.1,9597.75
347,AG,OFFICE-MANAGER,15552,4577.5,19013.5,5596.37,23245.6,6842.02
348,AG,OPERATIONS-MANAGER,21629.3,6366.29,27566.2,8113.72,35132.6,10340.8
349,AG,PHARMACIST,41754,12289.7,46514.6,13690.9,51818.1,15251.9
350,AG,PHYSICIAN,52560.5,15470.5,71611.8,21077.9,97568.6,28718
351,AG,POSTDOCTORAL-RESEARCHER,17269.5,5083.02,19530.9,5748.66,22088.5,6501.46
352,AG,PRODUCT-MANAGER,29520.6,8688.97,36277.3,10677.7,44580.6,13121.7
353,AG,PROJECT-MANAGER,26448,7784.59,32691.6,9622.31,40409.1,11893.9
354,AG,QA-ENGINEER,20843.4,6134.97,25694.1,7562.7,31673.6,9322.68
355,AG,RECEPTIONIST,10785.8,3174.65,13063.7,3845.11,15822.6,4657.16
356,AG,RESEARCH-SCIENTIST,22572.5,6643.9,28929.4,8514.98,37076.7,10913
357,AG,SALES-MANAGER,22541.7,6634.82,29792.5,8769.02,39375.8,11589.7
358,AG,SOFTWARE-ENGINEER,26527.9,7808.12,32333.9,9517.04,39410.6,11600
359,AG,SYSTEMS-ADMINISTRATOR,21322.4,6275.95,25662,7553.24,30884.7,9090.49
360,AG,TEACHER,15247.6,4487.92,18858.2,5550.66,23323.9,6865.07
361,AG,UX-DESIGNER,23482,6911.61,28792.9,8474.78,35304.8,10391.5
362,AG,WAITER,6140.33,1807.32,9399.13,2766.5,14387.5,4234.75
363,AG,WEB-DESIGNER,17086.4,5029.15,20907.1,6153.72,25582.1,7529.75
364,AG,WEB-DEVELOPER,21527.3,6336.27,26674.6,7851.29,33052.5,9728.55
365,AR,ACCOUNT-MANAGER,25309.2,56.2566,31687.5,70.4341,39673.2,88.1845
366,AR,ACCOUNTANT,41097.2,91.3496,48807.6,108.488,57964.6,128.842
367,AR,ADMINISTRATIVE-ASSISTANT,39517.3,87.838,47591.1,105.784,57314.4,127.397
368,AR,ARCHITECT,29396.2,65.341,36400.4,80.9098,45073.6,100.188
369,AR,ATTORNEY,50687.5,112.667,68449.7,152.148,92436.3,205.465
370,AR,BUSINESS-ANALYST,21876.4,48.6263,26242.8,58.3318,31480.7,69.9745
371,AR,BUSINESS-DEVELOPMENT,59604.1,132.486,78966.8,175.525,104619,232.545
372,AR,C-LEVEL-EXECUTIVE,36681.9,81.5356,54996.1,122.244,82453.9,183.276
373,AR,CASHIER,3731.79,8.29493,5228.3,11.6213,7324.93,16.2816
374,AR,CHEF,30009.1,66.7035,36859.5,81.9303,45273.7,100.633
375,AR,CHEMICAL-ENGINEER,18856,41.9125,22848.4,50.7868,27686.2,61.5401
376,AR,CIVIL-ENGINEER,16667.4,37.0478,19870.1,44.1667,23688.3,52.6537
377,AR,CONTENT-MARKETING,36639.3,81.4407,45874.1,101.968,57436.6,127.668
378,AR,COPYWRITER,27526.9,61.186,33848.2,75.2368,41621.2,92.5143
379,AR,CUSTOMER-SUPPORT,23541.6,52.3275,30266.9,67.2764,38913.6,86.4959
380,AR,DATA-ANALYST,65329.4,145.212,78624.5,174.764,94625.2,210.33
381,AR,DATA-SCIENTIST,32558.9,72.3709,39331.6,87.4251,47513.2,105.611
382,AR,DENTIST,46648.8,103.69,60752.5,135.039,79120.4,175.866
383,AR,ELECTRICAL-ENGINEER,28881.7,64.1974,34433.3,76.5374,41052.1,91.2494
384,AR,EXECUTIVE-ASSISTANT,32040.5,71.2187,38753.1,86.1394,46872.1,104.186
385,AR,FASHION-DESIGNER,52147.6,115.912,67318.1,149.633,86902,193.163
386,AR,FINANCE-MANAGER,64341.6,143.017,81276.5,180.659,102669,228.209
387,AR,FINANCIAL-ANALYST,38655.1,85.9213,44986.2,99.994,52354.3,116.372
388,AR,GRAPHIC-DESIGNER,15328.5,34.0717,24835.4,55.2035,40238.7,89.4415
389,AR,HARDWARE-ENGINEER,68300.6,151.817,82981.7,184.449,100818,224.096
390,AR,HUMAN-RESOURCES-MANAGER,15347,34.1128,24296.1,54.0046,38463.5,85.4956
391,AR,IT-MANAGER,26246.3,58.3395,41450,92.1338,65460.7,145.504
392,AR,INDUSTRIAL-DESIGNER,46126,102.527,56662.7,125.948,69606.2,154.719
393,AR,INTERIOR-DESIGNER,9618.76,21.3803,11606.4,25.7984,14004.8,31.1294
394,AR,LECTURER,15567.9,34.604,19183.5,42.6405,23638.8,52.5435
395,AR,MARKETING-MANAGER,25813.2,57.3768,32422.1,72.0669,40723.1,90.5181
396,AR,MECHANICAL-ENGINEER,28914.1,64.2695,33900.8,75.3537,39747.5,88.3496
397,AR,MOBILE-DEVELOPER,26907.3,59.8088,33652.5,74.8018,42088.6,93.5534
398,AR,NURSE,14576.8,32.4009,16216.3,36.0451,18040.2,40.0992
399,AR,OFFICE-MANAGER,25530.5,56.7484,31212.9,69.3792,38160.1,84.8211
400,AR,OPERATIONS-MANAGER,43486.2,96.6599,55422.3,123.191,70634.7,157.005
401,AR,PHARMACIST,25007.2,55.5852,27858.5,61.9232,31035.1,68.9838
402,AR,PHYSICIAN,29980.5,66.6398,40847.4,90.7944,55653.2,123.704
403,AR,POSTDOCTORAL-RESEARCHER,56436.4,125.445,63828,141.875,72187.6,160.456
404,AR,PRODUCT-MANAGER,26645.1,59.226,32743.6,72.7815,40237.9,89.4396
405,AR,PROJECT-MANAGER,30298.8,67.3473,37451.5,83.246,46292.7,102.898
406,AR,QA-ENGINEER,63349.4,140.811,78092.5,173.582,96266.5,213.978
407,AR,RECEPTIONIST,25630.7,56.9712,31043.2,69.0018,37598.5,83.573
408,AR,RESEARCH-SCIENTIST,30335,67.4278,38877.9,86.4167,49826.7,110.753
409,AR,SALES-MANAGER,45537.8,101.22,60185.7,133.779,79545.3,176.811
410,AR,SOFTWARE-ENGINEER,22970.4,51.0579,32646.3,72.5653,46398.2,103.133
411,AR,SYSTEMS-ADMINISTRATOR,27153.7,60.3565,32679.9,72.64,39330.8,87.4234
412,AR,TEACHER,20871.3,46.3922,25813.7,57.3779,31926.4,70.965
413,AR,UX-DESIGNER,37967.7,84.3934,46554.2,103.479,57082.6,126.882
414,AR,WAITER,13493.3,29.9926,20653.5,45.9081,31613.3,70.2691
415,AR,WEB-DESIGNER,25198.8,56.0112,30833.7,68.5362,37728.5,83.8619
416,AR,WEB-DEVELOPER,22392.2,49.7728,33687.6,74.8797,50680.6,112.651
417,AM,ACCOUNT-MANAGER,5378.2,10.6633,6733.66,13.3507,8430.74,16.7155
418,AM,ACCOUNTANT,4292.1,8.50989,5097.64,10.107,6054.37,12.0039
419,AM,ADMINISTRATIVE-ASSISTANT,3350.61,6.64321,4035.15,8.00045,4859.56,9.63498
420,AM,ARCHITECT,7321.88,14.517,9066.46,17.9759,11226.7,22.2591
421,AM,ATTORNEY,5858.59,11.6158,7911.98,15.687,10685,21.1851
422,AM,BUSINESS-ANALYST,5883.78,11.6657,7058.05,13.9939,8466.69,16.7868
423,AM,BUSINESS-DEVELOPMENT,5305.19,10.5185,7028.71,13.9357,9312.16,18.4631
424,AM,C-LEVEL-EXECUTIVE,9710.77,19.2534,14559.5,28.8669,21829.2,43.2804
425,AM,CASHIER,1554.95,3.08298,2178.39,4.31906,3051.78,6.05072
426,AM,CHEF,4003.97,7.93862,4918.13,9.75111,6041,11.9774
427,AM,CHEMICAL-ENGINEER,6624.09,13.1335,8026.94,15.9149,9726.88,19.2854
428,AM,CIVIL-ENGINEER,5870.58,11.6395,6998.89,13.8766,8344.07,16.5437
429,AM,CONTENT-MARKETING,4049.76,8.0294,5070.79,10.0538,6349.25,12.5886
430,AM,COPYWRITER,4018.05,7.96653,4941.06,9.79656,6076.09,12.047
431,AM,CUSTOMER-SUPPORT,3358.81,6.65948,4318.64,8.5625,5552.74,11.0093
432,AM,DATA-ANALYST,4825.25,9.56696,5807.45,11.5144,6989.58,13.8582
433,AM,DATA-SCIENTIST,9520.9,18.877,11501.3,22.8036,13893.7,27.5469
434,AM,DENTIST,10170.4,20.1648,13245.7,26.262,17250.8,34.2028
435,AM,ELECTRICAL-ENGINEER,6393.56,12.6764,7622.37,15.1128,9087.36,18.0174
436,AM,EXECUTIVE-ASSISTANT,4747.32,9.41244,5741.94,11.3845,6944.95,13.7697
437,AM,FASHION-DESIGNER,4981.64,9.87703,6431.02,12.7507,8302.09,16.4604
438,AM,FINANCE-MANAGER,6716.26,13.3162,8483.98,16.8211,10717,21.2484
439,AM,FINANCIAL-ANALYST,5177.01,10.2644,6025.24,11.9462,7012.46,13.9035
440,AM,GRAPHIC-DESIGNER,3658.59,7.25383,4356.54,8.63766,5187.65,10.2855
441,AM,HARDWARE-ENGINEER,6534.78,12.9564,7939.46,15.7415,9646.09,19.1252
442,AM,HUMAN-RESOURCES-MANAGER,6011.08,11.9181,7340.64,14.5542,8964.29,17.7734
443,AM,IT-MANAGER,6971.9,13.8231,8543.18,16.9384,10468.6,20.7559
444,AM,INDUSTRIAL-DESIGNER,5671.79,11.2454,6967.54,13.8144,8559.3,16.9704
445,AM,INTERIOR-DESIGNER,4839.24,9.59469,5839.09,11.5771,7045.52,13.9691
446,AM,LECTURER,4698.64,9.31594,5790.14,11.48,7135.2,14.1469
447,AM,MARKETING-MANAGER,5789.41,11.4786,7271.61,14.4173,9133.29,18.1084
448,AM,MECHANICAL-ENGINEER,6084.39,12.0634,7133.56,14.1436,8363.63,16.5825
449,AM,MOBILE-DEVELOPER,5929.94,11.7572,7416.52,14.7046,9275.78,18.391
450,AM,NURSE,6388.36,12.6661,7107.12,14.0912,7906.75,15.6766
451,AM,OFFICE-MANAGER,3771.11,7.47693,4610.44,9.14106,5636.58,11.1756
452,AM,OPERATIONS-MANAGER,5243.98,10.3972,6683.62,13.2515,8518.48,16.8895
453,AM,PHARMACIST,10124,20.0727,11278.5,22.3617,12564.6,24.9116
454,AM,PHYSICIAN,12744.2,25.2678,17364,34.4273,23658.3,46.907
455,AM,POSTDOCTORAL-RESEARCHER,4186.67,8.30086,4735.41,9.38882,5356.06,10.6194
456,AM,PRODUCT-MANAGER,7158.05,14.1922,8796.38,17.4405,10809.7,21.4322
457,AM,PROJECT-MANAGER,6412.74,12.7145,7926.92,15.7166,9798.63,19.4276
458,AM,QA-ENGINEER,5054.11,10.0207,6230.18,12.3525,7679.9,15.2268
459,AM,RECEPTIONIST,2614.85,5.18444,3167.23,6.27962,3836.29,7.60616
460,AM,RESEARCH-SCIENTIST,5473.04,10.8513,7014.61,13.9078,8990.38,17.8251
461,AM,SALES-MANAGER,5465.65,10.8367,7223.84,14.3226,9547.61,18.9299
462,AM,SOFTWARE-ENGINEER,6432.08,12.7528,7840.06,15.5444,9556.24,18.947
463,AM,SYSTEMS-ADMINISTRATOR,5169.77,10.25,6222.17,12.3366,7488.81,14.848
464,AM,TEACHER,3696.74,7.32947,4572.21,9.06525,5655.01,11.2121
465,AM,UX-DESIGNER,5693.81,11.289,6981.25,13.8416,8559.79,16.9714
466,AM,WAITER,1488.81,2.95185,2278.84,4.51824,3488.1,6.91582
467,AM,WEB-DESIGNER,4142.36,8.213,5068.95,10.0501,6202.81,12.2982
468,AM,WEB-DEVELOPER,5219.25,10.3481,6467.53,12.8231,8014.35,15.8899
469,AW,ACCOUNT-MANAGER,19384.7,8606.25,24270,10775.1,30386.3,13490.6
470,AW,ACCOUNTANT,15471.7,6869,18374.7,8157.83,21822.4,9688.48
471,AW,ADMINISTRATIVE-ASSISTANT,12076.3,5361.52,14543.8,6457.02,17515.5,7776.36
472,AW,ARCHITECT,26390.2,11716.5,32678.4,14508.2,40465,17965.3
473,AW,ATTORNEY,21116.5,9375.1,28516.7,12660.6,38510.2,17097.4
474,AW,BUSINESS-ANALYST,21206.5,9415.04,25438.9,11294.1,30516,13548.2
475,AW,BUSINESS-DEVELOPMENT,19121.7,8489.49,25333.5,11247.3,33563.1,14901
476,AW,C-LEVEL-EXECUTIVE,35001.7,15539.7,52476.8,23298.1,78676.6,34930.1
477,AW,CASHIER,5604.85,2488.39,7852.35,3486.21,11001.1,4884.16
478,AW,CHEF,14432.1,6407.43,17726.7,7870.11,21773.3,9666.69
479,AW,CHEMICAL-ENGINEER,23875.9,10600.2,28931.3,12844.6,35057.1,15564.3
480,AW,CIVIL-ENGINEER,21160.1,9394.44,25226.2,11199.7,30073.8,13351.9
481,AW,CONTENT-MARKETING,14598.5,6481.31,18278.1,8114.92,22885,10160.3
482,AW,COPYWRITER,14484.1,6430.52,17810.5,7907.32,21900.7,9723.27
483,AW,CUSTOMER-SUPPORT,12107.9,5375.53,15566.8,6911.2,20013.9,8885.58
484,AW,DATA-ANALYST,17393.1,7722,20932.8,9293.53,25192.9,11184.9
485,AW,DATA-SCIENTIST,34315,15234.9,41452.9,18403.9,50075.6,22232.1
486,AW,DENTIST,36657.7,16275,47741.1,21195.7,62175.6,27604.1
487,AW,ELECTRICAL-ENGINEER,23043.3,10230.5,27472.8,12197.1,32753.9,14541.8
488,AW,EXECUTIVE-ASSISTANT,17110.9,7596.74,20696,9188.42,25032.2,11113.6
489,AW,FASHION-DESIGNER,17956,7971.94,23179.6,10291.1,29922.9,13284.9
490,AW,FINANCE-MANAGER,24207.3,10747.3,30579,13576.2,38627.9,17149.6
491,AW,FINANCIAL-ANALYST,18660.9,8284.89,21717.3,9641.85,25274.4,11221.1
492,AW,GRAPHIC-DESIGNER,13188.1,5855.14,15703.9,6972.07,18699.6,8302.06
493,AW,HARDWARE-ENGINEER,23554.1,10457.3,28617,12705.1,34768.3,15436.1
494,AW,HUMAN-RESOURCES-MANAGER,21667.1,9619.56,26458.7,11746.9,32309.8,14344.6
495,AW,IT-MANAGER,25128.6,11156.4,30792,13670.7,37731.8,16751.8
496,AW,INDUSTRIAL-DESIGNER,20443.8,9076.46,25114,11149.9,30851,13696.9
497,AW,INTERIOR-DESIGNER,17442.3,7743.85,21046.1,9343.83,25394.5,11274.4
498,AW,LECTURER,16937,7519.52,20870.5,9265.88,25717.5,11417.8
499,AW,MARKETING-MANAGER,20867.4,9264.51,26210,11636.4,32920.3,14615.7
500,AW,MECHANICAL-ENGINEER,21929.4,9736,25711.3,11415.1,30145.5,13383.7
501,AW,MOBILE-DEVELOPER,21373.2,9489.08,26731.2,11867.9,33432.3,14843
502,AW,NURSE,23026.4,10223.1,25616.2,11372.8,28497.2,12651.9
503,AW,OFFICE-MANAGER,13591.8,6034.36,16616.8,7377.37,20315,9019.28
504,AW,OPERATIONS-MANAGER,18902.3,8392.05,24090.6,10695.5,30703,13631.2
505,AW,PHARMACIST,36490.1,16200.5,40650.7,18047.7,45285.8,20105.6
506,AW,PHYSICIAN,45935.2,20393.9,62584.7,27785.8,85269,37856.9
507,AW,POSTDOCTORAL-RESEARCHER,15091.7,6700.28,17068.7,7577.99,19304.6,8570.67
508,AW,PRODUCT-MANAGER,25798.9,11454,31704,14075.6,38960.7,17297.4
509,AW,PROJECT-MANAGER,23113.5,10261.7,28570.3,12684.4,35315.4,15679
510,AW,QA-ENGINEER,18215.5,8087.15,22454.8,9969.29,27680.8,12289.5
511,AW,RECEPTIONIST,9426.01,4184.87,11416.6,5068.64,13827.6,6139.05
512,AW,RESEARCH-SCIENTIST,19727,8758.22,25282.6,11224.7,32402.7,14385.8
513,AW,SALES-MANAGER,19699.9,8746.17,26036.7,11559.5,34412,15277.9
514,AW,SOFTWARE-ENGINEER,23183.9,10293,28257.9,12545.7,34442.2,15291.3
515,AW,SYSTEMS-ADMINISTRATOR,18634.9,8273.35,22427.3,9957.04,26991.4,11983.4
516,AW,TEACHER,13325.3,5916.03,16480.8,7316.98,20383.5,9049.69
517,AW,UX-DESIGNER,20521.7,9111.03,25162.9,11171.6,30853.8,13698.2
518,AW,WAITER,5366.38,2382.51,8214.17,3646.85,12573.2,5582.13
519,AW,WEB-DESIGNER,14932.3,6629.52,18271.5,8112.01,22357.4,9926.02
520,AW,WEB-DEVELOPER,18813.6,8352.66,23311.9,10349.8,28885.7,12824.4
521,AU,ACCOUNT-MANAGER,46072.1,24081.3,54749,28616.6,65060,34006
522,AU,ACCOUNTANT,46484.9,24297,56151.9,29349.9,67829.3,35453.5
523,AU,ADMINISTRATIVE-ASSISTANT,34310.9,17933.9,39728.7,20765.7,46002,24044.6
524,AU,ARCHITECT,44905.8,23471.7,54316.9,28390.7,65700.4,34340.7
525,AU,ATTORNEY,48602.2,25403.7,61724.3,32262.5,78389.3,40973.1
526,AU,BUSINESS-ANALYST,55178,28840.8,65310,34136.7,77302.5,40405
527,AU,BUSINESS-DEVELOPMENT,51460.3,26897.7,61881.9,32344.9,74414,38895.2
528,AU,C-LEVEL-EXECUTIVE,77365.1,40437.7,103304,53995.7,137940,72099.3
529,AU,CASHIER,21566.5,11272.5,26137.8,13661.9,31678.1,16557.7
530,AU,CHEF,34088.4,17817.5,41729.4,21811.4,51083.2,26700.5
531,AU,CHEMICAL-ENGINEER,44591.2,23307.2,54386.4,28427.1,66333.2,34671.5
532,AU,CIVIL-ENGINEER,48486.1,25343.1,58377.3,30513,70286.2,36737.7
533,AU,CONTENT-MARKETING,40695.1,21270.8,49331.1,25784.7,59799.7,31256.5
534,AU,COPYWRITER,37491.5,19596.3,44556.2,23288.9,52952,27677.3
535,AU,CUSTOMER-SUPPORT,33076.7,17288.7,37254.4,19472.4,41959.9,21931.9
536,AU,DATA-ANALYST,45989.9,24038.3,55156.4,28829.5,66149.9,34575.7
537,AU,DATA-SCIENTIST,56409.2,29484.4,63561.9,33223,71621.6,37435.7
538,AU,DENTIST,64431.4,33677.5,83504.2,43646.5,108223,56566.6
539,AU,ELECTRICAL-ENGINEER,51062.4,26689.6,63720.8,33306,79517.3,41562.6
540,AU,EXECUTIVE-ASSISTANT,45716.6,23895.5,52582.2,27484,60478.8,31611.5
541,AU,FASHION-DESIGNER,33419.5,17468,42128.9,22020.2,53107.9,27758.8
542,AU,FINANCE-MANAGER,62249.3,32536.9,75762,39599.8,92208,48195.9
543,AU,FINANCIAL-ANALYST,56703.7,29638.3,68418.2,35761.3,82552.8,43149.3
544,AU,GRAPHIC-DESIGNER,33765,17648.6,38847.5,20305.1,44695.1,23361.5
545,AU,HARDWARE-ENGINEER,53142.4,27776.9,69389.9,36269.2,90604.8,47357.9
546,AU,HUMAN-RESOURCES-MANAGER,48734.5,25472.9,60786.9,31772.5,75819.8,39630
547,AU,IT-MANAGER,69961.5,36568,84772.8,44309.6,102720,53690.3
548,AU,INDUSTRIAL-DESIGNER,45671.4,23871.8,52773,27583.8,60978.9,31872.9
549,AU,INTERIOR-DESIGNER,45252.9,23653.1,52814.9,27605.7,61640.6,32218.7
550,AU,LECTURER,47603.7,24881.8,55831.7,29182.5,65482,34226.6
551,AU,MARKETING-MANAGER,42886.4,22416.2,53879.6,28162.2,67690.7,35381.1
552,AU,MECHANICAL-ENGINEER,50985.6,26649.5,62250.4,32537.5,76004,39726.3
553,AU,MOBILE-DEVELOPER,56055.4,29299.4,68740.6,35929.8,84296.5,44060.7
554,AU,NURSE,34195.6,17873.6,43326.2,22646,54894.6,28692.7
555,AU,OFFICE-MANAGER,39037.8,20404.6,45129.5,23588.6,52171.7,27269.5
556,AU,OPERATIONS-MANAGER,52337.6,27356.2,65339.4,34152.1,81571.1,42636.1
557,AU,PHARMACIST,39293.2,20538,49594.8,25922.6,62597.2,32718.8
558,AU,PHYSICIAN,59296,30993.2,84406.8,44118.3,120151,62801.6
559,AU,POSTDOCTORAL-RESEARCHER,48593.5,25399.2,53714.1,28075.6,59374.2,31034.1
560,AU,PRODUCT-MANAGER,58573.5,30615.6,69554.5,36355.2,82594.2,43170.9
561,AU,PROJECT-MANAGER,52716.6,27554.3,66367.5,34689.4,83553.4,43672.3
562,AU,QA-ENGINEER,55125.9,28813.6,65287.6,34125,77322.6,40415.5
563,AU,RECEPTIONIST,27022.6,14124.3,31007.2,16207.1,35579.5,18596.9
564,AU,RESEARCH-SCIENTIST,39752,20777.8,46297.7,24199.2,53921.4,28184
565,AU,SALES-MANAGER,40932.4,21394.8,53535.4,27982.3,70019,36598
566,AU,SOFTWARE-ENGINEER,51419.8,26876.5,61682.4,32240.6,73993.3,38675.4
567,AU,SYSTEMS-ADMINISTRATOR,48225.6,25206.9,57523.7,30066.9,68614.6,35864
568,AU,TEACHER,38997.1,20383.3,45508.8,23786.9,53107.9,27758.8
569,AU,UX-DESIGNER,46816.4,24470.3,57395.2,29999.7,70364.3,36778.5
570,AU,WAITER,18110.1,9465.9,24167.5,12632.1,32251.1,16857.2
571,AU,WEB-DESIGNER,39577.1,20686.4,46893.4,24510.6,55562.2,29041.7
572,AU,WEB-DEVELOPER,44841.7,23438.1,54157.6,28307.5,65409,34188.4
573,AT,ACCOUNT-MANAGER,24936.7,21656.2,31221,27113.8,39089,33946.7
574,AT,ACCOUNTANT,19625,17043.2,23306.9,20240.8,27679.6,24038.2
575,AT,ADMINISTRATIVE-ASSISTANT,19221,16692.4,23147.9,20102.7,27877.2,24209.8
576,AT,ARCHITECT,18112.5,15729.7,24033.9,20872.2,31891.2,27695.8
577,AT,ATTORNEY,34936.4,30340.3,47179.1,40972.5,63712.1,55330.5
578,AT,BUSINESS-ANALYST,29654.3,25753.1,37774.6,32805.1,48118.4,41788.2
579,AT,BUSINESS-DEVELOPMENT,29218.5,25374.6,46429,40321,73776.9,64071.2
580,AT,C-LEVEL-EXECUTIVE,50518,43872.2,78149.6,67868.6,120895,104990
581,AT,CASHIER,10310.7,8954.29,14445,12544.7,20236.9,17574.6
582,AT,CHEF,26549.5,23056.8,32610,28320,40054,34784.7
583,AT,CHEMICAL-ENGINEER,36438.6,31644.9,44154.2,38345.5,53503.5,46464.8
584,AT,CIVIL-ENGINEER,21581.5,18742.4,28838,25044.2,38534.3,33464.9
585,AT,CONTENT-MARKETING,29960.4,26018.9,37512.1,32577.2,46967.3,40788.5
586,AT,COPYWRITER,21032.5,18265.6,25862.6,22460.2,31801.8,27618.2
587,AT,CUSTOMER-SUPPORT,18288.4,15882.5,23513,20419.7,30230.1,26253.2
588,AT,DATA-ANALYST,32679.9,28380.7,39330.5,34156.4,47334.4,41107.4
589,AT,DATA-SCIENTIST,46247.2,40163.2,55867.6,48517.9,67489.1,58610.6
590,AT,DENTIST,63814.1,55419,83107.7,72174.5,108235,93995.8
591,AT,ELECTRICAL-ENGINEER,24487.7,21266.2,30479,26469.3,37936.1,32945.4
592,AT,EXECUTIVE-ASSISTANT,33477.3,29073.2,40491.2,35164.4,48974.6,42531.8
593,AT,FASHION-DESIGNER,21442.6,18621.7,27680.5,24039,35733,31032.2
594,AT,FINANCE-MANAGER,42880.6,37239.4,54166.9,47041,68423.9,59422.4
595,AT,FINANCIAL-ANALYST,37777.9,32808,43965.4,38181.5,51166.3,44435.1
596,AT,GRAPHIC-DESIGNER,16946.6,14717.2,21149.9,18367.5,26395.7,22923.2
597,AT,HARDWARE-ENGINEER,43330.2,37629.9,52643.9,45718.4,63959.6,55545.4
598,AT,HUMAN-RESOURCES-MANAGER,28679,24906.1,35021,30413.9,42765.6,37139.6
599,AT,IT-MANAGER,39629.3,34415.9,50702,44031.9,64868.3,56334.6
600,AT,INDUSTRIAL-DESIGNER,31266,27152.8,38408.4,33355.6,47182.4,40975.3
601,AT,INTERIOR-DESIGNER,13805,11988.9,16657.7,14466.3,20099.8,17455.6
602,AT,LECTURER,19313.2,16772.5,23798.8,20667.9,29326.1,25468.1
603,AT,MARKETING-MANAGER,30513.5,26499.3,38663.3,33577,48990,42545.1
604,AT,MECHANICAL-ENGINEER,23737.3,20614.5,28630.2,24863.8,34531.7,29988.9
605,AT,MOBILE-DEVELOPER,34548.1,30003.1,43208.6,37524.3,54040.1,46930.9
606,AT,NURSE,24998.1,21709.5,27809.9,24151.4,30938,26868
607,AT,OFFICE-MANAGER,23919.3,20772.6,29243.1,25396,35751.8,31048.5
608,AT,OPERATIONS-MANAGER,22102.5,19194.8,28169.3,24463.5,35901.5,31178.5
609,AT,PHARMACIST,67126.7,58295.9,74780.7,64942.9,83307.3,72347.9
610,AT,PHYSICIAN,34084.5,29600.5,46438.8,40329.6,63271.1,54947.5
611,AT,POSTDOCTORAL-RESEARCHER,34529.9,29987.3,39052.2,33914.7,44166.7,38356.4
612,AT,PRODUCT-MANAGER,32757,28447.7,40254.4,34958.7,49467.7,42960
613,AT,PROJECT-MANAGER,34988.1,30385.3,47033.3,40845.8,63225,54907.5
614,AT,QA-ENGINEER,33509.6,29101.2,41308,35873.8,50921.4,44222.4
615,AT,RECEPTIONIST,23170.6,20122.4,28063.6,24371.7,33989.8,29518.3
616,AT,RESEARCH-SCIENTIST,29179.6,25340.8,35513.6,30841.6,43222.5,37536.4
617,AT,SALES-MANAGER,25037.7,21743.9,33523.2,29113.1,44884.5,38979.7
618,AT,SOFTWARE-ENGINEER,30080.3,26123.1,37273.3,32369.8,46186.4,40110.4
619,AT,SYSTEMS-ADMINISTRATOR,31774.2,27594.2,38240.8,33210,46023.3,39968.7
620,AT,TEACHER,20374.4,17694,25198.8,21883.8,31165.7,27065.7
621,AT,UX-DESIGNER,21918.1,19034.7,26875.1,23339.5,32953.1,28618
622,AT,WAITER,13309.3,11558.4,20372.2,17692.1,31183.1,27080.8
623,AT,WEB-DESIGNER,24282.7,21088.2,29712.7,25803.9,36356.9,31574
624,AT,WEB-DEVELOPER,25898.1,22491.1,33232.8,28860.9,42644.8,37034.7
625,AZ,ACCOUNT-MANAGER,4378.17,2058.99,5481.45,2577.84,6862.74,3227.44
626,AZ,ACCOUNTANT,3494.19,1643.26,4149.9,1951.64,4928.67,2317.88
627,AZ,ADMINISTRATIVE-ASSISTANT,2727.34,1282.62,3284.67,1544.73,3955.89,1860.39
628,AZ,ARCHITECT,5960.54,2803.15,7380.97,3471.16,9139.9,4298.35
629,AZ,ATTORNEY,4769.21,2242.89,6440.63,3028.93,8697.82,4090.45
630,AZ,BUSINESS-ANALYST,4789.84,2252.59,5745.82,2702.17,6892.59,3241.48
631,AZ,BUSINESS-DEVELOPMENT,4318.59,2030.97,5721.74,2690.85,7580.78,3565.13
632,AZ,C-LEVEL-EXECUTIVE,7905.53,3717.85,11852.6,5574.11,17770.4,8357.16
633,AZ,CASHIER,1265.79,595.281,1773.3,833.957,2484.3,1168.33
634,AZ,CHEF,3259.58,1532.93,4003.77,1882.91,4917.86,2312.79
635,AZ,CHEMICAL-ENGINEER,5392.65,2536.08,6534.57,3073.11,7918.31,3723.86
636,AZ,CIVIL-ENGINEER,4779.01,2247.49,5697.36,2679.38,6792.19,3194.26
637,AZ,CONTENT-MARKETING,3297.17,1550.61,4128.24,1941.45,5168.79,2430.8
638,AZ,COPYWRITER,3270.93,1538.27,4022.31,1891.63,4946.3,2326.17
639,AZ,CUSTOMER-SUPPORT,2734.41,1285.95,3515.72,1653.39,4520.28,2125.82
640,AZ,DATA-ANALYST,3927.84,1847.2,4727.49,2223.27,5689.94,2675.89
641,AZ,DATA-SCIENTIST,7750.68,3645.03,9362.88,4403.22,11310.4,5319.12
642,AZ,DENTIST,8279.67,3893.8,10783.2,5071.16,14043.7,6604.52
643,AZ,ELECTRICAL-ENGINEER,5204.47,2447.58,6205,2918.11,7397.87,3479.1
644,AZ,EXECUTIVE-ASSISTANT,3864.51,1817.42,4674.23,2198.22,5653.61,2658.81
645,AZ,FASHION-DESIGNER,4055.24,1907.12,5235.08,2461.98,6758.19,3178.27
646,AZ,FINANCE-MANAGER,5467.33,2571.2,6906.44,3247.99,8724.36,4102.93
647,AZ,FINANCIAL-ANALYST,4214.36,1981.95,4904.82,2306.66,5708.4,2684.57
648,AZ,GRAPHIC-DESIGNER,2978.38,1400.69,3546.44,1667.84,4222.85,1985.94
649,AZ,HARDWARE-ENGINEER,5319.94,2501.89,6463.55,3039.71,7852.98,3693.14
650,AZ,HUMAN-RESOURCES-MANAGER,4893.8,2301.48,5975.98,2810.41,7297.46,3431.88
651,AZ,IT-MANAGER,5675.55,2669.13,6954.77,3270.72,8522.31,4007.91
652,AZ,INDUSTRIAL-DESIGNER,4617.29,2171.44,5672,2667.45,6967.63,3276.77
653,AZ,INTERIOR-DESIGNER,3939.23,1852.56,4753.18,2235.35,5735.31,2697.23
654,AZ,LECTURER,3824.89,1798.79,4713.48,2216.68,5808.5,2731.65
655,AZ,MARKETING-MANAGER,4712.93,2216.42,5919.58,2783.89,7435.17,3496.65
656,AZ,MECHANICAL-ENGINEER,4952.99,2329.32,5807.25,2731.06,6808.84,3202.09
657,AZ,MOBILE-DEVELOPER,4827.05,2270.09,6037.15,2839.18,7550.62,3550.94
658,AZ,NURSE,5200.5,2445.71,5785.57,2720.86,6436.46,3026.97
659,AZ,OFFICE-MANAGER,3069.59,1443.58,3752.87,1764.92,4588.25,2157.78
660,AZ,OPERATIONS-MANAGER,4269.22,2007.75,5441.06,2558.85,6934.55,3261.21
661,AZ,PHARMACIST,8241.58,3875.89,9181.5,4317.92,10228.6,4810.36
662,AZ,PHYSICIAN,10374.9,4879.16,14135.4,6647.68,19259,9057.22
663,AZ,POSTDOCTORAL-RESEARCHER,3408.29,1602.87,3854.76,1812.83,4359.71,2050.3
664,AZ,PRODUCT-MANAGER,5827.04,2740.37,7160.69,3367.56,8799.57,4138.3
665,AZ,PROJECT-MANAGER,5220.2,2454.98,6452.9,3034.7,7976.69,3751.32
666,AZ,QA-ENGINEER,4113.8,1934.66,5071.21,2384.91,6251.45,2939.96
667,AZ,RECEPTIONIST,2128.72,1001.11,2578.32,1212.55,3122.88,1468.64
668,AZ,RESEARCH-SCIENTIST,4455.35,2095.28,5710.11,2685.38,7318.24,3441.66
669,AZ,SALES-MANAGER,4448.95,2092.27,5880.29,2765.41,7772.12,3655.11
670,AZ,SOFTWARE-ENGINEER,5236.22,2462.51,6382.39,3001.54,7779.46,3658.56
671,AZ,SYSTEMS-ADMINISTRATOR,4208.22,1979.06,5064.91,2381.95,6096,2866.85
672,AZ,TEACHER,3009.51,1415.33,3722.29,1750.54,4603.89,2165.14
673,AZ,UX-DESIGNER,4635,2179.77,5683.38,2672.81,6968.9,3277.37
674,AZ,WAITER,1211.79,569.885,1854.92,872.339,2839.38,1335.31
675,AZ,WEB-DESIGNER,3372.56,1586.06,4126.59,1940.67,5049.19,2374.56
676,AZ,WEB-DEVELOPER,4248.83,1998.16,5265,2476.05,6524.19,3068.23
677,BS,ACCOUNT-MANAGER,23948,19031.7,29983.3,23827.9,37539.5,29832.9
678,BS,ACCOUNTANT,22666.4,18013.1,30938.5,24587.1,42229.7,33560.2
679,BS,ADMINISTRATIVE-ASSISTANT,16392.9,13027.5,21729.3,17268.4,28802.8,22889.8
680,BS,ARCHITECT,32602.6,25909.5,40371.2,32083.3,49990.8,39728
681,BS,ATTORNEY,26088.1,20732.4,35230.3,27997.7,47576.1,37809.1
682,BS,BUSINESS-ANALYST,26198.8,20820.4,31427.7,24975.8,37700.1,29960.5
683,BS,BUSINESS-DEVELOPMENT,23623.7,18773.9,31297.7,24872.5,41464.6,32952.2
684,BS,C-LEVEL-EXECUTIVE,43242.1,34364.8,64830.8,51521.5,97197.7,77243.8
685,BS,CASHIER,6924.41,5502.88,9700.83,7709.32,13590.5,10800.5
686,BS,CHEF,17830,14169.6,21900,17404.1,26899.2,21377
687,BS,CHEMICAL-ENGINEER,29496.6,23441.2,35742.2,28404.6,43310.1,34418.8
688,BS,CIVIL-ENGINEER,26141.8,20775.1,31165.2,24767.2,37153.8,29526.4
689,BS,CONTENT-MARKETING,18035.4,14332.8,22581,17945.3,28272.4,22468.3
690,BS,COPYWRITER,17894.1,14220.6,22003.4,17486.2,27056.3,21501.8
691,BS,CUSTOMER-SUPPORT,14957.9,11887.2,19231.2,15283.2,24725.4,19649.5
692,BS,DATA-ANALYST,21487.6,17076.3,25860.5,20551.5,31123.3,24733.9
693,BS,DATA-SCIENTIST,42393.6,33690.5,51211.9,40698.4,61864.5,49164.1
694,BS,DENTIST,45287.9,35990.6,58980.4,46872.2,76812.9,61043.7
695,BS,ELECTRICAL-ENGINEER,28468.4,22624,33940.6,26972.8,40464.7,32157.6
696,BS,EXECUTIVE-ASSISTANT,21139.4,16799.6,25568.3,20319.3,30925,24576.3
697,BS,FASHION-DESIGNER,22182.8,17628.8,28636.3,22757.5,36967.2,29378.1
698,BS,FINANCE-MANAGER,29906.5,23766.9,37777.9,30022.4,47721.1,37924.3
699,BS,FINANCIAL-ANALYST,23053.6,18320.9,26829.7,21321.8,31224.3,24814.2
700,BS,GRAPHIC-DESIGNER,16292.9,12948,19400.8,15417.9,23101.5,18359
701,BS,HARDWARE-ENGINEER,29099.1,23125.2,35353.9,28096,42953.1,34135.1
702,BS,HUMAN-RESOURCES-MANAGER,26768.3,21273,32687.8,25977.2,39916.3,31721.8
703,BS,IT-MANAGER,31044,24670.9,38040.8,30231.3,46614.6,37044.9
704,BS,INDUSTRIAL-DESIGNER,25256.7,20071.7,31026.2,24656.7,38113.6,30289.1
705,BS,INTERIOR-DESIGNER,21548.2,17124.5,26000.7,20663,31373.4,24932.7
706,BS,LECTURER,20924.4,16628.8,25783.9,20490.7,31772,25249.5
707,BS,MARKETING-MANAGER,25779.5,20487.2,32380.1,25732.7,40670.6,32321.2
708,BS,MECHANICAL-ENGINEER,27091.7,21529.9,31763.8,25243,37241.8,29596.3
709,BS,MOBILE-DEVELOPER,26405.3,20984.5,33024.6,26244.9,41303.3,32824
710,BS,NURSE,28447.4,22607.4,31647,25150.1,35206.4,27978.8
711,BS,OFFICE-MANAGER,16791.4,13344.2,20528.8,16314.4,25098.2,19945.7
712,BS,OPERATIONS-MANAGER,23352.1,18558.1,29762.1,23652.2,37931.6,30144.5
713,BS,PHARMACIST,45080.5,35825.8,50220.7,39910.8,55947,44461.5
714,BS,PHYSICIAN,56748.6,45098.5,77317.8,61445,105342,83716.5
715,BS,POSTDOCTORAL-RESEARCHER,18645,14817.3,21087.2,16758.2,23849.3,18953.2
716,BS,PRODUCT-MANAGER,31872.5,25329.3,39167.8,31126.9,48132.9,38251.6
717,BS,PROJECT-MANAGER,28555.4,22693.2,35296.5,28050.4,43629,34672.3
718,BS,QA-ENGINEER,22503.9,17884,27741.2,22046.2,34197.4,27176.9
719,BS,RECEPTIONIST,11645.7,9254.9,14104.8,11209.2,17083.2,13576.1
720,BS,RESEARCH-SCIENTIST,24371,19367.8,31234.5,24822.3,40030.8,31812.8
721,BS,SALES-MANAGER,24337.4,19341.1,32166.1,25562.6,42513,33785.4
722,BS,SOFTWARE-ENGINEER,28642.1,22762.1,34910.6,27743.7,42551,33815.6
723,BS,SYSTEMS-ADMINISTRATOR,23021.4,18295.2,27706.7,22018.8,33345.7,26500.1
724,BS,TEACHER,16462.4,13082.8,20360.9,16180.9,25182.5,20012.7
725,BS,UX-DESIGNER,25353.5,20148.6,31087.2,24705.2,38117.6,30292.3
726,BS,WAITER,6629.99,5268.9,10148.2,8064.87,15533.4,12344.5
727,BS,WEB-DESIGNER,18447.5,14660.4,22572.7,17938.7,27620.3,21950.1
728,BS,WEB-DEVELOPER,23242.8,18471.3,28800.1,22887.7,35686.1,28360
729,BH,ACCOUNT-MANAGER,30227.9,63889.1,37845.6,79989.8,47383,100148
730,BH,ACCOUNTANT,7498.59,15848.9,11506.3,24319.4,17655.8,37317.1
731,BH,ADMINISTRATIVE-ASSISTANT,18831.3,39801.6,22678.8,47933.5,27312.3,57726.9
732,BH,ARCHITECT,17089,36119,23093.6,48810.2,31208,65960.8
733,BH,ATTORNEY,32928.6,69597.4,44467.8,93986.3,60050.5,126922
734,BH,BUSINESS-ANALYST,33067.9,69891.8,39667.9,83841.4,47585.1,100575
735,BH,BUSINESS-DEVELOPMENT,34490.1,72897.8,56604.1,119638,92897,196346
736,BH,C-LEVEL-EXECUTIVE,54580.1,115360,81829.8,172954,122684,259303
737,BH,CASHIER,8740.56,18473.9,12245,25880.8,17154.5,36257.5
738,BH,CHEF,22504.8,47565.9,27642.2,58424.1,33952.3,71761
739,BH,CHEMICAL-ENGINEER,37230.8,78690.3,45114.1,95352.5,54666.8,115543
740,BH,CIVIL-ENGINEER,12625.5,26685,22119.2,46750.7,38751.6,81904.7
741,BH,CONTENT-MARKETING,22764,48113.6,28501.7,60240.8,35685.7,75424.8
742,BH,COPYWRITER,22586,47737.5,27772.8,58700.2,34150.7,72180.4
743,BH,CUSTOMER-SUPPORT,18880.5,39905.5,24274.1,51305.4,31208.5,65961.8
744,BH,DATA-ANALYST,27121.5,57323.6,32641.2,68989.8,39284.1,83030.3
745,BH,DATA-SCIENTIST,53509.3,113096,64640,136622,78086,165041
746,BH,DENTIST,57162.2,120817,74444.8,157345,96952.7,204918
747,BH,ELECTRICAL-ENGINEER,13675.1,28903.4,25503.9,53904.6,47564.6,100532
748,BH,EXECUTIVE-ASSISTANT,14817.8,31318.7,30293.1,64027,61930.3,130895
749,BH,FASHION-DESIGNER,27999.5,59179.4,36145.1,76395.8,46660.4,98620.7
750,BH,FINANCE-MANAGER,33764.2,71363.6,47544.9,100490,66950,141504
751,BH,FINANCIAL-ANALYST,29098.8,61502.7,33864.8,71576.1,39411.4,83299.3
752,BH,GRAPHIC-DESIGNER,11494.1,24293.7,17094.7,36131.1,25424.3,53736.4
753,BH,HARDWARE-ENGINEER,36728.8,77629.4,44623.7,94315.9,54215.6,114589
754,BH,HUMAN-RESOURCES-MANAGER,22985.7,48582.2,37240.2,78710.3,60334.6,127522
755,BH,IT-MANAGER,30401.5,64256,50303.2,106320,83233.4,175921
756,BH,INDUSTRIAL-DESIGNER,31878.9,67378.8,39161.4,82770.8,48107.4,101679
757,BH,INTERIOR-DESIGNER,27198.5,57486.4,32818.4,69364.5,39599.6,83697
758,BH,LECTURER,26410.9,55821.6,32544.5,68785.5,40102.5,84760.1
759,BH,MARKETING-MANAGER,26342.6,55677.2,41443,87593.2,65199.4,137804
760,BH,MECHANICAL-ENGINEER,11064,23384.7,20256.2,42813.2,37085.5,78383.3
761,BH,MOBILE-DEVELOPER,33328.7,70443.1,41683.6,88101.9,52133,110187
762,BH,NURSE,35906.4,75891.3,39945.1,84427.3,44438,93923.4
763,BH,OFFICE-MANAGER,21194.5,44796.3,25911.8,54766.8,31679.1,66956.4
764,BH,OPERATIONS-MANAGER,33428,70652.9,60378.5,127615,109057,230501
765,BH,PHARMACIST,56900.7,120264,63388.7,133977,70616.5,149254
766,BH,PHYSICIAN,71628.6,151393,97590.8,206266,132963,281029
767,BH,POSTDOCTORAL-RESEARCHER,23534,49741.1,26616.3,56255.8,30102.3,63623.7
768,BH,PRODUCT-MANAGER,40229.9,85029.4,49437.8,104491,60753.1,128407
769,BH,PROJECT-MANAGER,57279.4,121065,83175.5,175798,120779,255277
770,BH,QA-ENGINEER,28404.6,60035.5,35015.1,74007.4,43164.1,91230.9
771,BH,RECEPTIONIST,14699.1,31067.7,17802.8,37627.8,21562,45573.1
772,BH,RESEARCH-SCIENTIST,30761.1,65016.3,39424.1,83326.2,50526.8,106793
773,BH,SALES-MANAGER,30719.1,64927.5,40600.4,85812.4,53660.2,113415
774,BH,SOFTWARE-ENGINEER,14927.2,31549.8,24858.5,52540.6,41397.4,87496.9
775,BH,SYSTEMS-ADMINISTRATOR,29058.5,61417.5,34972.2,73916.7,42089.5,88959.7
776,BH,TEACHER,20779.6,43919.3,25699.9,54318.8,31785.2,67180.8
777,BH,UX-DESIGNER,32001.3,67637.4,39238.1,82933.1,48111.6,101688
778,BH,WAITER,8368.34,17687.2,12809.2,27073.3,19606.7,41440.5
779,BH,WEB-DESIGNER,23284.7,49214.2,28491.6,60219.3,34862.7,73685.3
780,BH,WEB-DEVELOPER,29336.9,62006,36351.5,76831.9,45043.3,95202.8
781,BD,ACCOUNT-MANAGER,30627.6,220.872,38346.3,276.535,48010.2,346.227
782,BD,ACCOUNTANT,24445.5,176.289,29031.8,209.364,34478.7,248.644
783,BD,ADMINISTRATIVE-ASSISTANT,19081,137.603,22979.4,165.717,27674.3,199.574
784,BD,ARCHITECT,41696.6,300.696,51631.8,372.344,63934.2,461.064
785,BD,ATTORNEY,33364.4,240.608,45056.3,324.925,60845.5,438.789
786,BD,BUSINESS-ANALYST,33506.3,241.632,40193.6,289.858,48215.6,347.709
787,BD,BUSINESS-DEVELOPMENT,30212.2,217.877,40026.9,288.655,53029.8,382.426
788,BD,C-LEVEL-EXECUTIVE,55302.6,398.816,82912.9,597.929,124308,896.45
789,BD,CASHIER,8856.04,63.8656,12406.8,89.4718,17381.1,125.344
790,BD,CHEF,22802.3,164.44,28007.8,201.979,34401.7,248.089
791,BD,CHEMICAL-ENGINEER,37724.1,272.049,45711.6,329.651,55390.2,399.449
792,BD,CIVIL-ENGINEER,33432.8,241.102,39857.3,287.432,47516.2,342.665
793,BD,CONTENT-MARKETING,23065.5,166.338,28879.2,208.263,36158.1,260.756
794,BD,COPYWRITER,22884.7,165.034,28140.2,202.934,34602.6,249.538
795,BD,CUSTOMER-SUPPORT,19130,137.957,24595.2,177.369,31621.7,228.041
796,BD,DATA-ANALYST,27480.8,198.179,33073.5,238.511,39804.4,287.051
797,BD,DATA-SCIENTIST,54217.6,390.992,65495.5,472.323,79119.5,570.573
798,BD,DENTIST,57918.7,417.682,75430,543.966,98235.9,708.431
799,BD,ELECTRICAL-ENGINEER,36409.2,262.566,43407.5,313.035,51751.1,373.205
800,BD,EXECUTIVE-ASSISTANT,27035.7,194.969,32700,235.817,39551.1,285.224
801,BD,FASHION-DESIGNER,28370.5,204.595,36623.8,264.114,47278.1,340.947
802,BD,FINANCE-MANAGER,38247.6,275.824,48314.6,348.423,61031.4,440.13
803,BD,FINANCIAL-ANALYST,29483.6,212.622,34312.8,247.448,39933,287.978
804,BD,GRAPHIC-DESIGNER,20837.5,150.27,24812.1,178.933,29544.9,213.064
805,BD,HARDWARE-ENGINEER,37215.1,268.378,45214.8,326.068,54934.1,396.159
806,BD,HUMAN-RESOURCES-MANAGER,34234.5,246.883,41805.1,301.479,51049.8,368.147
807,BD,IT-MANAGER,39703,286.319,48651,350.848,59615.7,429.921
808,BD,INDUSTRIAL-DESIGNER,32301.1,232.94,39680,286.154,48744.6,351.524
809,BD,INTERIOR-DESIGNER,27558.3,198.738,33252.5,239.802,40123.3,289.351
810,BD,LECTURER,26760.3,192.983,32975.4,237.803,40633.9,293.033
811,BD,MARKETING-MANAGER,32970.2,237.766,41411.4,298.64,52013.8,375.099
812,BD,MECHANICAL-ENGINEER,34648.3,249.867,40623.8,292.96,47629.8,343.484
813,BD,MOBILE-DEVELOPER,33769.8,243.532,42235.3,304.581,52822.9,380.934
814,BD,NURSE,36381.9,262.369,40473.8,291.878,45025.9,324.705
815,BD,OFFICE-MANAGER,21475.3,154.87,26255.1,189.339,32098.6,231.48
816,BD,OPERATIONS-MANAGER,29865.7,215.377,38063.3,274.495,48511.1,349.839
817,BD,PHARMACIST,57653.9,415.773,64227.9,463.182,71551.6,515.996
818,BD,PHYSICIAN,72577,523.391,98882.9,713.097,134724,971.563
819,BD,POSTDOCTORAL-RESEARCHER,23845.4,171.962,26968.6,194.485,30500.8,219.958
820,BD,PRODUCT-MANAGER,40762.3,293.958,50092.1,361.241,61557.4,443.923
821,BD,PROJECT-MANAGER,36519.8,263.364,45141.3,325.538,55798,402.389
822,BD,QA-ENGINEER,28780.6,207.552,35478.6,255.855,43735.5,315.4
823,BD,RECEPTIONIST,14893.8,107.407,18038.9,130.088,21848.1,157.558
824,BD,RESEARCH-SCIENTIST,31169,224.776,39946.7,288.077,51196.3,369.204
825,BD,SALES-MANAGER,31125.6,224.463,41137.7,296.666,54370.5,392.094
826,BD,SOFTWARE-ENGINEER,6317.2,45.5567,8659.08,62.4452,11869.1,85.5946
827,BD,SYSTEMS-ADMINISTRATOR,29442.5,212.325,35434.7,255.538,42646.4,307.546
828,BD,TEACHER,21054.4,151.835,26040.1,187.789,32206.3,232.257
829,BD,UX-DESIGNER,32425.1,233.835,39757.8,286.714,48748.6,351.552
830,BD,WAITER,8479.04,61.1468,12978.6,93.5956,19865.9,143.264
831,BD,WEB-DESIGNER,23592.8,170.141,28868.7,208.188,35324.3,254.743
832,BD,WEB-DEVELOPER,29725.4,214.365,36832.7,265.62,45639.5,329.131
833,BB,ACCOUNT-MANAGER,19259.7,7652.91,24113.6,9581.64,30190.9,11996.5
834,BB,ACCOUNTANT,15372.6,6108.37,18256.7,7254.37,21681.9,8615.38
835,BB,ADMINISTRATIVE-ASSISTANT,11998.8,4767.75,14450.3,5741.86,17402.6,6914.99
836,BB,ARCHITECT,26220.7,10418.9,32468.3,12901.4,40204.4,15975.4
837,BB,ATTORNEY,20981.1,8336.91,28333.4,11258.4,38262.2,15203.6
838,BB,BUSINESS-ANALYST,21069.7,8372.12,25275,10043.1,30319.7,12047.6
839,BB,BUSINESS-DEVELOPMENT,18998.7,7549.22,25170.6,10001.6,33347.5,13250.8
840,BB,C-LEVEL-EXECUTIVE,34776.6,13818.6,52139,20717.6,78169.8,31061
841,BB,CASHIER,5568.62,2212.71,7801.47,3099.94,10929.6,4342.94
842,BB,CHEF,14338.9,5697.62,17612.3,6998.3,21632.9,8595.9
843,BB,CHEMICAL-ENGINEER,23722.3,9426.12,28745.1,11422,34831.5,13840.4
844,BB,CIVIL-ENGINEER,21023.7,8353.85,25063.6,9959.11,29879.8,11872.8
845,BB,CONTENT-MARKETING,14504.4,5763.39,18160.3,7216.08,22737.7,9034.92
846,BB,COPYWRITER,14391.1,5718.37,17695.9,7031.53,21759.6,8646.25
847,BB,CUSTOMER-SUPPORT,12029.9,4780.14,15466.5,6145.68,19884.8,7901.31
848,BB,DATA-ANALYST,17280.7,6866.53,20797.7,8264.06,25030.6,9946.02
849,BB,DATA-SCIENTIST,34094.4,13547.5,41186.6,16365.6,49754,19769.9
850,BB,DENTIST,36421.7,14472.3,47433.9,18848,61775.7,24546.8
851,BB,ELECTRICAL-ENGINEER,22895.5,9097.62,27296.4,10846.3,32543.3,12931.2
852,BB,EXECUTIVE-ASSISTANT,17001.1,6755.44,20563.1,8170.82,24871.4,9882.74
853,BB,FASHION-DESIGNER,17840.6,7089.04,23030.6,9151.31,29730.5,11813.5
854,BB,FINANCE-MANAGER,24052,9557.15,30382.6,12072.6,38379.4,15250.2
855,BB,FINANCIAL-ANALYST,18540.8,7367.24,21577.4,8573.87,25111.5,9978.13
856,BB,GRAPHIC-DESIGNER,13103.4,5206.68,15603,6199.91,18579.4,7382.6
857,BB,HARDWARE-ENGINEER,23402.5,9299.07,28432.8,11297.9,34544.5,13726.4
858,BB,HUMAN-RESOURCES-MANAGER,21527.8,8554.16,26288.5,10445.8,32102,12755.9
859,BB,IT-MANAGER,24967,9920.71,30593.9,12156.6,37489,14896.4
860,BB,INDUSTRIAL-DESIGNER,20312.3,8071.17,24952.3,9914.87,30652.1,12179.7
861,BB,INTERIOR-DESIGNER,17329.5,6885.93,20910.4,8308.82,25231.3,10025.7
862,BB,LECTURER,16828.1,6686.71,20736.6,8239.76,25552.8,10153.5
863,BB,MARKETING-MANAGER,20732.9,8238.31,26041.2,10347.6,32708.5,12996.9
864,BB,MECHANICAL-ENGINEER,21788,8657.53,25545.8,10150.7,29951.6,11901.4
865,BB,MOBILE-DEVELOPER,21235.6,8438.06,26559.3,10553.4,33217.6,13199.1
866,BB,NURSE,22878.4,9090.83,25451.6,10113.3,28314.3,11250.8
867,BB,OFFICE-MANAGER,13504,5365.88,16509.7,6560.18,20184.3,8020.29
868,BB,OPERATIONS-MANAGER,18780.8,7462.61,23935.8,9510.99,30505.9,12121.6
869,BB,PHARMACIST,36255.5,14406.3,40389.3,16048.8,44994.4,17878.7
870,BB,PHYSICIAN,45639.1,18134.9,62181.7,24708.1,84720.4,33663.9
871,BB,POSTDOCTORAL-RESEARCHER,14995.2,5958.4,16959.3,6738.84,19180.7,7621.51
872,BB,PRODUCT-MANAGER,25633,10185.4,31499.9,12516.6,38709.6,15381.4
873,BB,PROJECT-MANAGER,22965.2,9125.32,28386.8,11279.6,35088.3,13942.5
874,BB,QA-ENGINEER,18098.7,7191.57,22310.6,8865.19,27502.7,10928.3
875,BB,RECEPTIONIST,9365.44,3721.39,11343.3,4507.28,13738.7,5459.14
876,BB,RESEARCH-SCIENTIST,19600.2,7788.2,25120,9981.53,32194.4,12792.6
877,BB,SALES-MANAGER,19573.1,7777.45,25869.2,10279.2,34190.6,13585.7
878,BB,SOFTWARE-ENGINEER,23034.5,9152.83,28076.1,11156.1,34221.1,13597.9
879,BB,SYSTEMS-ADMINISTRATOR,18514.9,7356.95,22283,8854.22,26817.9,10656.2
880,BB,TEACHER,13239.6,5260.81,16374.8,6506.58,20252.4,8047.35
881,BB,UX-DESIGNER,20389.5,8101.83,25000.7,9934.13,30654.9,12180.8
882,BB,WAITER,5331.74,2118.58,8161.41,3242.97,12492.9,4964.08
883,BB,WEB-DESIGNER,14836,5895.12,18153.7,7213.43,22213.3,8826.54
884,BB,WEB-DEVELOPER,18692.8,7427.65,23162.2,9203.59,28700.3,11404.2
885,BY,ACCOUNT-MANAGER,4636.02,1158.63,5804.42,1450.64,7267.29,1816.24
886,BY,ACCOUNTANT,4105.08,1025.94,4875.2,1218.41,5789.81,1446.98
887,BY,ADMINISTRATIVE-ASSISTANT,4772.27,1192.68,5747.45,1436.4,6921.89,1729.92
888,BY,ARCHITECT,7741.67,1934.79,9586.15,2395.76,11870.1,2966.56
889,BY,ATTORNEY,6194.56,1548.14,8365.35,2090.66,11296.9,2823.3
890,BY,BUSINESS-ANALYST,3758.09,939.22,4508.36,1126.73,5408.4,1351.66
891,BY,BUSINESS-DEVELOPMENT,6759.04,1689.21,8954.91,2238.01,11864.2,2965.09
892,BY,C-LEVEL-EXECUTIVE,10267.4,2566.02,15393.7,3847.19,23079.5,5768.02
893,BY,CASHIER,1643.66,410.782,2303,575.565,3226.84,806.448
894,BY,CHEF,4233.14,1057.94,5199.71,1299.51,6386.98,1596.23
895,BY,CHEMICAL-ENGINEER,7003.83,1750.39,8486.83,2121.02,10283.8,2570.13
896,BY,CIVIL-ENGINEER,6170.36,1542.09,7355.99,1838.4,8769.44,2191.65
897,BY,CONTENT-MARKETING,4281.97,1070.15,5361.48,1339.94,6713.14,1677.74
898,BY,COPYWRITER,6053.99,1513.01,7444.33,1860.48,9153.99,2287.76
899,BY,CUSTOMER-SUPPORT,2862.91,715.495,3681,919.954,4732.88,1182.84
900,BY,DATA-ANALYST,5012.38,1252.69,6032.24,1507.57,7259.6,1814.32
901,BY,DATA-SCIENTIST,3383.07,845.495,4086.72,1021.35,4936.73,1233.78
902,BY,DENTIST,10753.3,2687.46,14004.7,3500.04,18239.1,4558.31
903,BY,ELECTRICAL-ENGINEER,5092.95,1272.83,6071.84,1517.47,7238.86,1809.13
904,BY,EXECUTIVE-ASSISTANT,3294.17,823.277,3984.47,995.796,4819.42,1204.47
905,BY,FASHION-DESIGNER,5267.14,1316.36,6799.5,1699.33,8777.68,2193.71
906,BY,FINANCE-MANAGER,2858.22,714.325,3610.78,902.403,4561.47,1140
907,BY,FINANCIAL-ANALYST,5473.61,1367.96,6370.24,1592.05,7413.74,1852.84
908,BY,GRAPHIC-DESIGNER,3106.29,776.323,3698.79,924.399,4404.29,1100.72
909,BY,HARDWARE-ENGINEER,6909.75,1726.88,8394.97,2098.07,10199.4,2549.04
910,BY,HUMAN-RESOURCES-MANAGER,5834.53,1458.16,7124.87,1780.64,8700.58,2174.44
911,BY,IT-MANAGER,5558.16,1389.09,6810.92,1702.18,8346.04,2085.84
912,BY,INDUSTRIAL-DESIGNER,5996.97,1498.76,7366.97,1841.15,9049.96,2261.76
913,BY,INTERIOR-DESIGNER,4170.23,1042.22,5031.94,1257.58,6071.69,1517.43
914,BY,LECTURER,4968.57,1241.74,6122.37,1530.1,7544.1,1885.42
915,BY,MARKETING-MANAGER,4930.13,1232.13,6192.5,1547.63,7778.12,1943.9
916,BY,MECHANICAL-ENGINEER,5355.78,1338.51,6279.44,1569.35,7362.38,1840
917,BY,MOBILE-DEVELOPER,5690.1,1422.07,7116.54,1778.56,8900.57,2224.42
918,BY,NURSE,2849.12,712.05,3169.38,792.09,3525.65,881.128
919,BY,OFFICE-MANAGER,3117.4,779.098,3811.29,952.515,4659.64,1164.53
920,BY,OPERATIONS-MANAGER,4986.95,1246.34,6355.95,1588.47,8100.76,2024.54
921,BY,PHARMACIST,10704.6,2675.3,11925,2980.28,13284.4,3320.03
922,BY,PHYSICIAN,5262.4,1315.18,7170.04,1791.93,9769.2,2441.51
923,BY,POSTDOCTORAL-RESEARCHER,4427.38,1106.49,5006.95,1251.33,5662.38,1415.14
924,BY,PRODUCT-MANAGER,3073.81,768.206,3777.56,944.084,4642.42,1160.23
925,BY,PROJECT-MANAGER,5223.85,1305.54,6457.24,1613.79,7981.85,1994.82
926,BY,QA-ENGINEER,8533.77,2132.76,10519.7,2629.08,12967.8,3240.9
927,BY,RECEPTIONIST,2764.9,691.002,3348.73,836.914,4055.85,1013.64
928,BY,RESEARCH-SCIENTIST,5786.56,1446.17,7416.39,1853.5,9505.29,2375.56
929,BY,SALES-MANAGER,5334.31,1333.15,7050.43,1762.04,9318.66,2328.91
930,BY,SOFTWARE-ENGINEER,4150.65,1037.33,5058.98,1264.34,6166.09,1541.02
931,BY,SYSTEMS-ADMINISTRATOR,5577.09,1393.82,6711.97,1677.45,8077.77,2018.79
932,BY,TEACHER,4667.69,1166.55,5773.14,1442.82,7140.39,1784.52
933,BY,UX-DESIGNER,4140.22,1034.72,5076.8,1268.79,6225.23,1555.81
934,BY,WAITER,1825.19,456.149,2794,698.274,4277.05,1068.92
935,BY,WEB-DESIGNER,4986.98,1246.34,6102.13,1525.04,7466.63,1866.05
936,BY,WEB-DEVELOPER,4901.55,1224.99,6073.5,1517.89,7525.66,1880.81
937,BE,ACCOUNT-MANAGER,32821.1,28503.3,43167.3,37488.5,56775.1,49306.1
938,BE,ACCOUNTANT,36538.2,31731.4,43393.2,37684.6,51534.3,44754.7
939,BE,ADMINISTRATIVE-ASSISTANT,21834.6,18962.2,26653.6,23147.2,32536.1,28255.8
940,BE,ARCHITECT,29327.9,25469.7,36315.9,31538.4,44969,39053.1
941,BE,ATTORNEY,33136.5,28777.2,44748.4,38861.5,60429.4,52479.6
942,BE,BUSINESS-ANALYST,30918,26850.6,37527.7,32590.8,45550.4,39558
943,BE,BUSINESS-DEVELOPMENT,28503.2,24753.5,45051.6,39124.9,71207.7,61840
944,BE,C-LEVEL-EXECUTIVE,52044.5,45197.8,84675.5,73536,137765,119642
945,BE,CASHIER,14874.1,12917.3,20837.8,18096.5,29192.7,25352.2
946,BE,CHEF,34043.2,29564.7,41814.3,36313.4,51359.3,44602.8
947,BE,CHEMICAL-ENGINEER,28534.5,24780.7,34576.5,30027.8,41897.8,36385.9
948,BE,CIVIL-ENGINEER,32323.9,28071.5,48715.4,42306.6,73418.9,63760.3
949,BE,CONTENT-MARKETING,21419.7,18601.8,26818.4,23290.3,33577.7,29160.4
950,BE,COPYWRITER,22500.6,19540.5,27667.9,24028.1,34021.9,29546.2
951,BE,CUSTOMER-SUPPORT,20672.4,17952.8,27032.8,23476.5,35350.2,30699.7
952,BE,DATA-ANALYST,27027.3,23471.7,34863.6,30277.1,44972,39055.7
953,BE,DATA-SCIENTIST,38417.5,33363.5,46408.7,40303.4,56062.1,48686.8
954,BE,DENTIST,34080.7,29597.3,44384.8,38545.8,57804.3,50199.9
955,BE,ELECTRICAL-ENGINEER,32659.6,28363.1,38374.1,33325.8,45088.4,39156.8
956,BE,EXECUTIVE-ASSISTANT,28522.3,24770,36109.6,31359.2,45715.3,39701.2
957,BE,FASHION-DESIGNER,33995.9,29523.6,43886,38112.6,56653.4,49200.3
958,BE,FINANCE-MANAGER,25528,22169.7,32247.2,28005,40735.1,35376.2
959,BE,FINANCIAL-ANALYST,32164,27932.6,38810.7,33705,46831.1,40670.2
960,BE,GRAPHIC-DESIGNER,18985.6,16488,25663.5,22287.4,34690.3,30126.6
961,BE,HARDWARE-ENGINEER,22221.8,19298.4,26998.5,23446.7,32801.9,28486.7
962,BE,HUMAN-RESOURCES-MANAGER,26014.2,22591.9,31767.1,27588,38792.1,33688.8
963,BE,IT-MANAGER,38447,33389.1,49272.3,42790.3,63145.6,54838.5
964,BE,INDUSTRIAL-DESIGNER,28377.1,24644,34859.5,30273.6,42822.7,37189.2
965,BE,INTERIOR-DESIGNER,19341,16796.6,23337.5,20267.3,28159.8,24455.3
966,BE,LECTURER,29026.1,25207.6,35767.4,31062,44074.3,38276.1
967,BE,MARKETING-MANAGER,25431.5,22085.8,33959.4,29491.9,45347.1,39381.5
968,BE,MECHANICAL-ENGINEER,28223.7,24510.8,36997.6,32130.4,48499.1,42118.8
969,BE,MOBILE-DEVELOPER,40466.3,35142.7,50610.6,43952.5,63297.9,54970.8
970,BE,NURSE,21118.1,18339.9,23493.5,20402.8,26136.1,22697.8
971,BE,OFFICE-MANAGER,25830.4,22432.3,36666.7,31843,52048.8,45201.6
972,BE,OPERATIONS-MANAGER,32618.9,28327.7,50246.9,43636.7,77401.7,67219.1
973,BE,PHARMACIST,28421.2,24682.2,31662,27496.7,35272.4,30632.1
974,BE,PHYSICIAN,38933.9,33811.9,53045.6,46067.2,72272.2,62764.5
975,BE,POSTDOCTORAL-RESEARCHER,26995.9,23444.5,34426.3,29897.4,43901.9,38126.4
976,BE,PRODUCT-MANAGER,33635.6,29210.7,41334.1,35896.4,50794.7,44112.5
977,BE,PROJECT-MANAGER,34156.7,29663.2,44325.1,38493.9,57520.6,49953.5
978,BE,QA-ENGINEER,28251,24534.4,34825.8,30244.3,42930.6,37282.9
979,BE,RECEPTIONIST,19307.8,16767.8,23385,20308.6,28323.2,24597.1
980,BE,RESEARCH-SCIENTIST,30414,26412.9,39350,34173.3,50911.5,44213.9
981,BE,SALES-MANAGER,28013.7,24328.3,37178.9,32287.8,49342.7,42851.4
982,BE,SOFTWARE-ENGINEER,30249.4,26269.9,38684.8,33595.6,49472.6,42964.2
983,BE,SYSTEMS-ADMINISTRATOR,42625.3,37017.8,51300.2,44551.4,61740.6,53618.3
984,BE,TEACHER,22384.5,19439.7,27684.9,24042.8,34240.4,29735.9
985,BE,UX-DESIGNER,25236.1,21916.1,30943.3,26872.6,37941.2,32949.9
986,BE,WAITER,13621.1,11829.2,20849.6,18106.8,31914.2,27715.7
987,BE,WEB-DESIGNER,19449.2,16890.5,23798.3,20667.6,29120.1,25289.2
988,BE,WEB-DEVELOPER,26443,22964.3,33761.2,29319.8,43104.8,37434.1
989,BZ,ACCOUNT-MANAGER,23281.9,9251.15,29149.2,11582.5,36495,14501.4
990,BZ,ACCOUNTANT,18582.6,7383.85,22068.8,8769.13,26209.2,10414.3
991,BZ,ADMINISTRATIVE-ASSISTANT,14504.4,5763.37,17467.8,6940.88,21036.6,8358.98
992,BZ,ARCHITECT,31696,12594.5,39248.5,15595.5,48600.4,19311.6
993,BZ,ATTORNEY,25362.3,10077.8,34250,13609.4,46252.3,18378.5
994,BZ,BUSINESS-ANALYST,25470.1,10120.6,30553.5,12140.5,36651.4,14563.6
995,BZ,BUSINESS-DEVELOPMENT,22966.2,9125.7,30427,12090.3,40311.5,16017.9
996,BZ,C-LEVEL-EXECUTIVE,42038.8,16704.3,63027,25044,94493.9,37547.5
997,BZ,CASHIER,6731.98,2674.98,9431.12,3747.49,13212.5,5250.02
998,BZ,CHEF,17333.2,6887.43,21290.2,8459.75,26150.5,10391
999,BZ,CHEMICAL-ENGINEER,28676.3,11394.7,34748.2,13807.3,42105.7,16730.8
1000,BZ,CIVIL-ENGINEER,25414.5,10098.5,30297.8,12038.9,36119.4,14352.2
